,0,1,2,3,4,5,6,7,8
0,0.01,0.05,0.09,0.14,30.97,0.0,0.0,0.32,0.32
1,11.735240215806801,0.05,0.09,0.14,30.97,0.0,0.0,0.32,0.32
2,5.377695193628912,0.05,0.09,0.14,30.97,0.0,0.0,0.32,2.3342823746177017
3,5.0990632261284565,0.05,0.09,0.14,30.97,0.0,0.0,0.32,0.32
4,9.472924392767805,0.05,0.09,0.14,30.97,0.0,0.0,0.32,0.32
5,2.2680673954578787,0.05,0.09,0.14,30.97,0.0,0.0,0.32,1.3225627818745722
6,9.502896658764925,0.05,0.09,0.14,30.97,0.30588949030732404,0.0,0.32,0.32
7,12.514010917441441,0.05,0.09,0.14,30.97,0.0,0.0,0.32,0.32
8,4.083838883670512,0.05,0.09,0.14,30.97,0.0,0.0,0.32,1.9315407645524723
9,2.7090770741497603,0.05,0.09,0.14,30.97,0.0,0.0,117.93572621757356,0.32
10,7.776137923292624,0.05,0.09,0.14,30.97,0.0,0.0,0.32,0.32
11,3.433995725933631,0.05,0.09,0.14,30.97,0.0,0.0,0.32,0.32
12,5.160138860459315,0.05,0.09,0.14,30.97,0.0,0.0,0.32,0.32
13,13.16317817599066,0.05,0.09,0.14,30.97,0.0,0.0,0.32,0.32
14,7.762265356428311,0.05,0.09,0.14,30.97,0.0,0.0,0.32,0.32
15,6.144289216965354,0.05,0.09,0.14,30.97,0.0,0.0,0.32,0.32
16,14.77365189691838,0.05,0.09,0.14,30.97,0.0,0.0,0.32,0.32
17,3.9648136799050775,0.05,0.09,0.14,30.97,0.0,-0.5964468410883477,0.32,0.32
18,0.7701330087639092,0.05,0.09,0.14,30.97,0.0,0.0,69.15989983033607,0.32
19,7.166032561764079,0.05,0.09,0.14,30.97,0.0,0.0,0.32,0.32
20,11.97905421129855,0.05,0.09,0.14,30.97,0.0,0.0,0.32,0.32
21,2.0350301082862017,0.05,0.09,0.14,30.97,0.0,0.0,0.32,0.32
22,14.496136384935198,0.05,0.09,0.14,30.97,0.0,0.0,0.32,0.32
23,4.728087700791901,0.05,0.09,0.14,30.97,0.0,0.0,0.32,0.32
24,1.955742045509207,0.05,0.09,0.14,30.97,0.0,0.0,0.32,0.32
25,2.9418396703863317,0.05,0.09,0.14,30.97,0.0,0.0,0.32,0.32
26,2.003924800254361,0.05,0.09,0.14,30.97,0.0,-2.0517378050823267,0.32,0.32
27,16.482894160065964,0.05,0.09,0.14,30.97,0.0,0.0,0.32,0.32
28,5.256844094378092,0.05,0.09,0.14,30.97,0.0,0.0,0.32,0.32
29,8.85367920816851,13.25601542923961,0.09,0.14,30.97,0.0,0.0,0.32,0.32
30,2.4295929151584357,0.05,0.09,0.14,30.97,0.0,0.0,0.32,0.32
31,6.896109208956073,0.05,0.09,0.14,30.97,0.0,0.0,0.32,0.32
32,12.076433039427764,0.05,0.09,20.260429432090852,30.97,0.0,0.0,0.32,0.32
33,1.6250905097361095,0.05,0.09,0.14,30.97,0.0,0.0,0.32,0.32
34,4.639597837920354,0.05,0.09,0.14,30.97,0.0,0.0,0.32,0.32
35,11.126415125307583,0.05,0.09,0.14,30.97,0.0,0.0,0.32,0.32
36,6.852133613586825,0.05,0.09,0.14,30.97,0.0,0.0,0.32,0.32
37,6.04658808184758,0.05,0.09,0.14,30.97,0.0,0.0,0.32,0.32
38,2.7271373554192824,0.05,0.09,0.14,30.97,0.0,0.0,0.32,0.32
39,17.53855512527276,0.05,0.09,0.14,30.97,0.0,0.0,0.32,0.32
40,13.561532335046719,0.05,0.09,0.14,30.97,0.0,0.0,0.32,0.32
41,1.5838754187108297,0.05,0.09,0.14,30.97,0.0,0.0,255.7799840824385,0.32
42,16.070073787617478,0.05,0.09,0.14,30.97,0.10559566701274509,0.0,0.32,0.32
43,0.6293748586539892,0.05,0.09,0.14,1.0955460151911485,0.0,0.0,0.32,0.32
44,3.7088746355696363,0.05,0.09,0.14,30.97,0.0,0.0,0.32,0.9305358385912785
45,15.90423346614147,0.05,0.09,0.14,2.0680779100778364,0.0,0.0,0.32,0.32
46,6.78470126843121,0.05,0.09,0.14,30.97,0.0,0.0,0.32,0.32
47,9.463399993198829,0.05,0.09,0.14,30.97,0.0,0.0,0.32,0.32
48,2.2484311756806292,0.05,0.09,0.14,30.97,0.0,0.0,0.32,0.32
49,13.112133398717202,0.05,0.09,0.14,30.97,0.0,0.0,0.32,0.32
50,1.7293608264585456,0.05,0.09,0.14,30.97,0.0,0.9016815769127309,0.32,0.32
51,10.847583198469184,0.05,0.09,0.14,30.97,0.0,0.0,0.32,0.32
52,1.9394639594499927,0.05,0.09,0.14,30.97,0.0,0.0,14.505106017763298,0.32
53,3.335356261749467,0.05,0.09,0.14,30.97,0.07165257853358264,0.0,0.32,0.32
54,5.150466508504313,0.05,0.09,0.14,30.97,0.0,0.0,0.32,0.32
55,15.744850785400129,0.05,0.09,0.14,30.97,0.0,0.0,0.32,0.32
56,15.724718523193516,0.05,0.09,0.14,30.97,0.0,0.0,0.32,0.32
57,13.048223717146245,0.05,0.09,0.14,30.97,0.0,0.0,0.32,0.32
58,1.6788536006025818,0.05,0.09,0.14,30.97,0.0,0.0,0.32,0.32
59,12.019004393486972,0.05,0.09,0.14,30.97,0.0,0.0,0.32,0.32
60,16.75426903231681,0.05,0.09,0.14,30.97,0.0,0.0,0.32,0.32
61,17.34124733640282,0.05,0.09,0.14,30.97,0.0,0.0,0.32,1.4669547138974404
62,8.36909864840643,16.261005159526448,17.133398377181567,0.14,30.97,0.0,0.0,0.32,0.32
63,9.076833315093818,0.05,0.09,0.14,30.97,0.0,0.0,0.32,0.32
64,9.73913348772712,0.05,0.09,21.398386433559768,30.97,0.0,0.0,0.32,0.32
65,12.542995935491096,0.05,0.09,0.14,30.97,0.0,0.0,0.32,0.32
66,7.1851002550759615,0.05,0.09,0.14,30.97,0.0,0.0,0.32,0.32
67,17.46451851226398,0.05,0.09,0.14,30.97,0.0,0.0,0.32,0.32
68,10.131729433462308,0.05,0.09,0.14,30.97,0.0,0.0,0.32,0.32
69,11.316428906811476,0.05,0.09,0.14,30.97,0.0,0.0,0.32,0.32
70,5.468647706942259,0.05,9.35020398603669,12.9473960952905,30.97,0.0,0.0,0.32,0.32
71,16.645049926308307,0.05,0.09,21.592872621976543,30.97,0.0,0.0,0.32,0.32
72,2.0389599344153333,0.05,0.09,0.14,30.97,0.0,0.0,0.32,0.32
73,12.901248303174,0.05,0.09,0.14,30.97,0.0,0.0,0.32,0.32
74,9.579596568034527,0.05,0.09,0.14,30.97,0.0,0.0,0.32,0.32
75,0.33981301488109655,0.05,0.09,0.14,30.97,0.0,0.0,0.32,1.7322742762171959
76,1.9558660013688762,0.05,0.09,0.14,30.97,0.0,0.0,0.32,0.32
77,3.9408516206625612,0.05,0.09,0.14,30.97,0.0,0.0,0.32,0.32
78,16.887522426776407,0.05,0.09,0.14,30.97,0.0,0.0,0.32,0.32
79,14.533957268630108,0.05,0.09,0.14,30.97,0.0,0.0,0.32,0.32
80,0.9684543879394817,0.05,0.09,0.14,30.97,-0.1754056838714379,0.0,0.32,0.32
81,11.772773168583292,0.05,0.09,0.14,30.97,0.0,0.0,0.32,0.32
82,16.75126501177461,18.732418061341257,0.09,0.14,30.97,0.0,0.0,0.32,0.32
83,3.162944017235995,0.05,0.09,0.14,30.97,-0.13674629179605768,0.0,0.32,0.32
84,11.001191395131638,0.05,0.09,0.14,30.97,0.0,0.0,0.32,0.9788099614166111
85,6.3435715970045425,0.05,0.09,21.60162911489283,30.97,0.0,0.0,30.55334479889401,0.32
86,0.35256928225762924,0.05,0.09,0.14,30.97,0.0,0.0,0.32,0.32
87,10.358622506450692,18.806731126666204,0.09,0.14,30.97,0.0,0.0,29.98344397565514,0.32
88,3.01263497598651,0.05,0.09,0.14,1.0150523857659288,0.0,0.0,0.32,0.32
89,9.82901414342502,13.596337640755607,0.09,0.14,30.97,0.0,0.0,0.32,0.32
90,15.695914303730401,0.05,0.09,0.14,30.97,0.0,0.0,0.32,0.32
91,11.108889063701332,0.05,0.09,0.14,30.97,0.0,0.0,0.32,0.32
92,9.114305757233087,0.05,0.09,0.14,30.97,0.0,0.0,0.32,0.32
93,7.263658692114616,0.05,0.09,0.14,2.1629378921995333,0.0,0.0,0.32,0.32
94,4.170153384652484,0.05,0.09,0.14,30.97,0.0,0.0,0.32,0.32
95,6.440406507097453,0.05,0.09,0.14,30.97,0.0,0.0,0.32,0.32
96,4.913300113229323,0.05,0.09,0.14,30.97,0.0,0.0,0.32,0.32
97,16.432621865337616,0.05,0.09,0.14,30.97,0.0,0.0,0.32,0.32
98,10.119241389199285,0.05,0.09,0.14,30.97,0.0,0.0,0.32,0.32
99,6.291429006274036,0.05,0.09,0.14,30.97,0.0,0.0,0.32,0.32
100,9.018346994798533,0.05,0.09,0.14,30.97,0.0,0.0,0.32,0.32
101,8.327377462825593,0.05,0.09,0.14,30.97,0.0,0.0,0.32,0.32
102,17.07040464467684,0.05,0.09,0.14,30.97,0.0,0.0,0.32,0.32
103,3.283892846258203,0.05,0.09,0.14,30.97,0.0,0.0,0.32,0.32
104,4.212820209761312,0.05,15.648720734630624,0.14,30.97,0.0894228565843227,0.0,0.32,0.32
105,2.4128792881956285,0.05,0.09,0.14,0.840168110205357,0.0,0.0,0.32,0.32
106,7.529323567027475,0.05,0.09,0.14,30.97,0.18182097223614396,0.0,0.32,0.32
107,7.478006783608107,0.05,0.09,0.14,30.97,0.0,0.0,0.32,0.32
108,5.757315484409523,0.05,0.09,0.14,30.97,0.0,-1.3866488057516242,0.32,0.32
109,3.9738104250781965,0.05,0.09,0.14,30.97,0.0,0.0,141.76647672253046,0.32
110,9.859987811199655,0.05,0.09,0.14,30.97,0.0,0.0,0.32,0.32
111,15.843919153753866,0.05,0.09,0.14,30.97,0.0,0.0,0.32,0.32
112,16.96203929729719,0.05,0.09,0.14,30.97,0.0,0.0,0.32,0.32
113,15.56568144253746,0.05,0.09,0.14,30.97,0.0,0.0,0.32,0.32
114,1.732000167929919,0.05,0.09,0.14,30.97,0.0,0.0,0.32,0.32
115,15.547400772817952,0.05,0.09,0.14,30.97,0.0,0.0,0.32,0.32
116,3.3940134197374774,0.05,0.09,0.14,30.97,0.0,0.0,0.32,0.32
117,1.0822157565877528,0.05,17.353028489274738,0.14,30.97,0.0,0.0,0.32,0.32
118,1.7686616242830537,12.525409126682428,0.09,20.652272425339866,30.97,0.0,0.0,0.32,0.32
119,1.61909761918852,0.05,0.09,0.14,30.97,0.0,0.0,0.32,0.32
120,13.408875148957996,0.05,0.09,0.14,30.97,0.0,0.0,0.32,0.32
121,17.22131238634102,0.05,0.09,0.14,30.97,0.0,0.0,0.32,0.32
122,4.959669162248776,0.05,0.09,0.14,30.97,0.0,0.0,0.32,0.32
123,2.652560479648686,5.060142250895927,0.09,0.14,30.97,0.0,0.0,0.32,0.32
124,12.171607045156252,0.05,0.09,0.14,30.97,0.0,0.0,0.32,0.32
125,1.5981484114359235,0.05,0.09,0.14,30.97,0.0,0.0,0.32,0.32
126,9.176999855399593,0.05,0.09,0.14,30.97,0.0,0.0,0.32,0.32
127,10.859772876310622,13.676264912085644,0.09,0.14,0.9580961921244636,0.0,0.0,0.32,0.32
128,15.044619655553982,0.05,0.09,0.14,30.97,0.0,0.0,0.32,0.32
129,7.635144204800103,0.05,0.09,0.14,30.97,0.0,0.0,0.32,0.32
130,14.10755521106067,0.05,0.09,0.14,30.97,0.0,0.0,0.32,0.32
131,4.484114836491574,0.05,0.09,0.14,30.97,0.0,0.0,0.32,0.32
132,13.538578115969782,0.05,0.09,0.14,30.97,0.0,0.0,0.32,0.32
133,12.267034545099394,0.05,0.09,0.14,30.97,0.0,0.0,0.32,0.32
134,2.2195011379350977,0.05,0.09,0.14,30.97,0.0,0.0,0.32,0.32
135,0.2359011811835416,1.1402558037932027,0.09,0.14,30.97,0.0,0.0,0.32,0.32
136,10.833264639496822,0.05,0.09,0.14,30.97,0.0,0.0,0.32,0.32
137,8.494710159535698,13.083595833592357,0.09,0.14,30.97,0.0,0.0,0.32,0.32
138,5.935930529371465,19.73562325773719,0.09,0.14,30.97,0.0,0.0,0.32,0.32
139,7.214039309092094,0.05,0.09,0.14,30.97,0.0,0.0,0.32,0.32
140,11.19397630057192,0.05,0.09,0.14,30.97,0.0,0.0,0.32,0.32
141,16.737204209966674,0.05,0.09,0.14,30.97,0.0,0.0,0.32,0.32
142,8.372794068290942,0.05,0.09,0.14,30.97,0.0,0.0,0.32,0.32
143,1.2649515102614335,0.05,0.09,0.14,30.97,0.0,0.0,0.32,0.32
144,17.13652353309205,0.05,0.09,0.14,30.97,0.0,0.0,0.32,0.32
145,11.188863982201633,0.05,0.09,0.14,30.97,0.0,-1.7037143759227718,0.32,0.32
146,13.9360044807873,0.05,0.09,0.14,30.97,0.0,0.0,0.32,0.32
147,0.3206541110480312,11.794396443649557,0.09,0.14,30.97,0.0,0.0,0.32,0.32
148,5.775901665962353,0.05,0.09,0.14,30.97,0.0,0.0,0.32,0.32
149,17.363000348063753,0.05,0.09,0.14,30.97,0.0,0.0,0.32,0.32
150,13.836736363749104,0.05,0.09,0.14,30.97,0.0,0.0,0.32,0.32
151,14.509750204353015,0.05,0.09,0.14,30.97,0.0,0.0,0.32,0.32
152,10.684255901700197,0.05,0.09,0.14,30.97,0.0,0.0,0.32,0.32
153,16.014317797985075,0.05,0.09,0.14,30.97,0.0,0.0,0.32,0.32
154,13.578432533431336,0.05,0.09,0.14,30.97,0.0,0.0,0.32,0.32
155,9.352230479395049,0.05,0.09,0.14,0.7957302235891479,0.0,0.0,0.32,0.32
156,2.895225417272339,0.05,0.09,0.14,30.97,0.0,0.0,0.32,0.32
157,10.649184729074369,0.05,0.09,0.14,30.97,-0.21019048284749386,0.0,0.32,0.32
158,17.467047471884282,0.05,0.09,0.14,30.97,0.0,0.0,0.32,0.32
159,16.672889980663665,0.05,0.09,0.14,30.97,0.0,0.0,0.32,0.32
160,0.028157299693620533,0.05,0.09,0.14,30.97,0.0,0.0,0.32,1.8916961000869594
161,3.3939882702522093,0.05,16.123744080939048,0.14,0.6908760859465297,0.0,0.0,0.32,0.32
162,4.474968110539592,0.05,7.031554413446531,0.14,30.97,0.0,0.0,0.32,0.32
163,2.3747721803159347,0.05,16.6784345166073,0.14,30.97,0.0,0.0,0.32,0.32
164,6.81789675708517,0.05,0.09,0.14,30.97,0.0,0.0,0.32,0.32
165,15.005537325998477,18.44194117228904,0.09,0.14,30.97,0.0,0.0,0.32,0.32
166,11.994175720252844,0.05,0.09,0.14,30.97,0.0,0.0,0.32,0.32
167,6.6801083714641685,0.05,0.09,0.14,30.97,0.0,0.0,0.32,0.32
168,15.562674502554765,0.05,0.09,0.14,30.97,0.0,0.0,0.32,0.32
169,6.479346105572289,0.05,0.09,0.14,30.97,0.0,0.0,0.32,0.32
170,13.262489153320523,0.05,0.09,0.14,2.1633606671053496,0.0,0.0,0.32,0.32
171,6.522022533104403,0.05,0.09,0.14,30.97,0.0,0.0,0.32,0.32
172,11.420633573307054,0.05,0.09,0.14,30.97,0.0,0.0,0.32,0.32
173,13.408638393661544,0.05,0.09,0.14,30.97,0.0,0.0,0.32,0.32
174,9.417391494011563,0.05,0.09,0.14,30.97,0.0,0.0,0.32,0.32
175,11.583581314539261,0.05,0.09,0.14,30.97,0.0,0.0,0.32,0.32
176,1.0436811841230658,0.05,0.09,0.14,30.97,0.0,0.0,0.32,0.32
177,15.400780496270079,0.05,0.09,0.14,30.97,0.0,0.0,0.32,0.32
178,9.206432464800569,0.05,17.485266178418957,0.14,30.97,0.0,0.0,0.32,0.32
179,2.2693581686881124,0.05,0.09,0.14,30.97,0.0,0.0,0.32,0.32
180,17.56739040117357,0.05,0.09,0.14,30.97,0.0,1.1900261693908645,0.32,0.32
181,2.1702559842873863,0.05,0.09,0.14,30.97,0.0,0.0,0.32,0.32
182,4.1798895962689775,0.05,0.09,0.14,0.21591188765386113,0.0,0.0,0.32,0.32
183,8.88701984357441,0.05,0.09,0.14,30.97,0.0,0.0,0.32,0.32
184,7.0933055603021495,0.05,0.09,0.14,30.97,0.0,0.0,0.32,0.32
185,4.68646218428424,0.05,9.80837383609467,0.14,30.97,0.0,0.0,0.32,0.32
186,6.1357869740489575,0.05,17.57572522774984,0.14,30.97,0.0,0.0,239.67394032515242,0.32
187,2.5666051903055425,9.964770639656624,0.09,0.14,30.97,0.0,0.0,0.32,0.32
188,1.5254403114711408,0.05,0.09,0.14,30.97,0.0,0.0,0.32,0.32
189,15.043792891845618,0.05,0.09,0.14,30.97,0.0,0.0,0.32,0.32
190,6.196206962409194,0.05,0.09,0.14,30.97,0.0,0.0,0.32,0.32
191,2.935464494275243,0.05,0.09,0.14,30.97,0.0,-0.13340453467377378,0.32,0.32
192,13.20209125474208,0.05,0.09,0.14,1.4078296671584603,0.0,0.0,0.32,0.32
193,1.3267133911685673,0.05,0.09,0.14,30.97,0.0,0.0,0.32,0.32
194,3.6496877575371593,0.05,0.09,0.14,30.97,0.26174778761647854,0.0,0.32,0.32
195,7.801352151972101,0.05,0.09,0.14,30.97,0.0,0.0,0.32,0.32
196,17.738856040459396,0.05,0.09,0.14,30.97,0.0,0.0,0.32,0.32
197,0.23852076000187672,0.05,0.09,0.14,30.97,0.0,0.0,0.32,0.32
198,12.940969114635841,0.05,0.09,0.14,30.97,0.0,-1.1958491460719678,0.32,0.32
199,1.248779814830008,0.05,0.09,0.14,30.97,0.0,0.0,0.32,0.32
200,13.009319917509673,0.05,0.09,0.14,30.97,0.0,0.0,0.32,0.32
201,9.588053171377974,13.12612168417207,0.09,20.393262364241213,30.97,0.0,0.0,0.32,0.32
202,11.616252768059516,18.390471032323347,0.09,0.14,30.97,0.0,0.0,0.32,0.32
203,15.674195424174563,0.05,0.09,0.14,30.97,0.0,0.0,0.32,0.32
204,3.7524209015832186,0.05,0.09,0.14,30.97,0.0,0.0,0.32,0.32
205,1.0481851145479832,0.05,0.09,0.14,30.97,0.0,0.0,0.32,0.32
206,15.333085937863016,0.05,0.09,0.14,30.97,0.0,-1.2624529358755354,0.32,0.32
207,12.336428429620009,0.05,0.09,0.14,0.0653472638335915,0.0,0.0,0.32,0.32
208,11.628616838628734,0.05,0.09,0.14,30.97,0.0,0.0,0.32,0.32
209,3.527895673744544,0.05,0.09,0.14,30.97,0.0,0.0,0.32,0.32
210,2.6135701091805554,0.05,0.09,0.14,30.97,0.0,0.0,0.32,0.32
211,16.14888960583625,0.05,0.09,0.14,0.6596829276403889,0.08732956013228799,0.0,0.32,0.32
212,5.1073783479143415,0.05,16.589242003432275,0.14,30.97,0.0,0.0,0.32,0.32
213,1.0523491860473453,0.05,0.09,0.14,30.97,0.0,0.0,0.32,0.32
214,3.3749008961106153,0.05,0.09,0.14,30.97,0.0,-2.543535928325917,0.32,0.32
215,16.414315251190363,0.05,0.09,0.14,30.97,0.0,0.0,0.32,0.32
216,17.68547401729876,0.05,0.09,0.14,30.97,0.0,0.0,0.32,0.32
217,17.14142844436936,0.05,0.09,0.14,30.97,0.0,0.0,0.32,0.32
218,14.678808478105235,0.05,0.09,0.14,30.97,0.0,0.0,0.32,0.32
219,15.532061401374495,0.05,0.09,0.14,30.97,0.0,0.0,0.32,0.32
220,7.945427538803856,0.05,0.09,0.14,30.97,0.0,0.0,0.32,0.32
221,12.88506377407406,0.05,0.09,0.14,30.97,0.0,0.0,0.32,0.32
222,13.465386117141023,0.05,0.09,0.14,30.97,0.0,0.0,0.32,0.32
223,8.443255226720467,0.05,0.09,0.14,30.97,0.0,0.0,0.32,0.32
224,1.2488858720625435,0.05,0.09,0.14,30.97,0.0,0.0,0.32,0.32
225,7.633063022769473,0.05,0.09,0.14,30.97,0.0,0.0,0.32,0.32
226,7.006276016295243,0.05,0.09,0.14,30.97,0.0,0.0,0.32,0.32
227,15.862478233591277,0.05,0.09,0.14,30.97,0.0,0.0,0.32,0.32
228,8.432439023765992,0.05,0.09,0.14,30.97,0.0,0.0,0.32,0.32
229,0.2929959966642103,0.05,0.09,0.14,30.97,0.0,0.0,0.32,0.32
230,7.010777093025765,0.05,0.09,0.14,30.97,0.0,0.0,0.32,0.32
231,12.089677190757815,0.05,0.09,0.14,30.97,0.0,0.0,0.32,0.32
232,11.434727680226388,0.05,0.09,0.14,30.97,0.0,0.0,0.32,0.32
233,5.628107998252294,0.05,0.09,0.14,30.97,0.0,0.0,0.32,0.32
234,1.9126325083446378,0.05,0.09,0.14,30.97,0.0,0.0,0.32,0.32
235,17.35529351407383,0.05,0.09,0.14,30.97,0.0,0.0,0.32,0.32
236,16.703710246906997,0.05,0.09,0.14,30.97,0.0,0.0,0.32,0.32
237,2.741186558569105,0.05,0.09,0.14,30.97,0.0,0.0,0.32,0.32
238,1.875620115242259,0.05,0.09,0.14,30.97,0.0,0.0,0.32,0.32
239,4.0948967790046105,0.05,0.09,0.14,30.97,0.22316187145531519,0.0,0.32,0.32
240,5.314222912125817,0.05,0.09,0.14,30.97,0.0,0.0,0.32,0.32
241,15.610897883189267,0.05,0.09,0.14,30.97,0.0,0.0,0.32,0.32
242,12.579392843607144,0.05,0.09,0.14,30.97,0.0,0.0,0.32,0.32
243,8.371050478691265,0.05,0.09,0.14,30.97,0.0,0.0,0.32,0.32
244,4.054030840705831,0.05,0.09,0.14,30.97,0.0,0.0,0.32,0.32
245,12.71214814893674,0.05,0.09,0.14,30.97,0.0,0.0,0.32,1.8667567914237653
246,2.7477599688535257,0.05,0.09,0.14,30.97,0.0,0.0,0.32,0.32
247,2.720170527786642,0.05,0.09,0.14,30.97,0.0,0.0,0.32,0.32
248,1.012297925485592,0.05,0.09,0.14,30.97,0.0,0.0,0.32,0.32
249,3.4379956296539262,0.05,0.09,0.14,30.97,0.0,0.0,0.32,0.32
250,8.606873378967837,0.05,0.09,0.14,30.97,0.0,0.0,0.32,0.32
251,6.394138894334967,0.05,0.09,0.14,30.97,0.0,0.0,0.32,0.32
252,6.782921956725725,0.05,0.09,0.14,30.97,0.0,0.0,0.32,0.32
253,8.995481083260819,0.05,0.09,0.14,30.97,0.0,0.0,0.32,0.32
254,17.008896601909093,0.05,0.09,0.14,30.97,0.0,0.0,0.32,0.32
255,13.233914714535823,0.05,0.09,0.14,0.18901431647469352,0.0,0.0,0.32,0.32
256,12.573226828550933,0.05,0.09,0.14,30.97,0.0,0.0,0.32,0.32
257,14.194281371813021,0.05,0.09,0.14,30.97,0.0,0.0,0.32,0.32
258,13.097151777443196,0.05,0.09,0.14,1.1337651597219165,0.0,0.0,0.32,0.32
259,1.6592633487568682,0.05,0.09,0.14,30.97,0.0,0.0,0.32,0.32
260,6.872154824238466,0.05,0.09,0.14,30.97,0.0,0.0,0.32,0.32
261,15.9755185108828,0.05,0.09,0.14,30.97,0.0,0.0,0.32,0.32
262,4.867555701912502,0.05,20.03925763149516,0.14,30.97,0.09304067061504384,0.0,0.32,0.32
263,11.86716971022988,0.05,0.09,0.14,30.97,0.0,1.1705606883033424,0.32,0.32
264,12.049509043146664,0.05,19.848342602631973,0.14,30.97,0.0,0.0,0.32,0.32
265,12.690458165275114,0.05,0.09,0.14,30.97,0.0,0.0,0.32,0.32
266,0.6908079532312428,0.05,0.09,0.14,30.97,0.0,0.0,0.32,0.32
267,0.13940803167040255,0.05,0.09,0.14,30.97,0.0,0.0,0.32,0.32
268,16.09797172862759,0.05,0.09,0.14,30.97,0.0,0.0,0.32,0.32
269,10.555684583364961,0.05,0.09,0.14,30.97,0.0,0.0,0.32,0.32
270,17.820856323219306,0.05,0.09,0.14,30.97,0.0,0.0,0.32,0.32
271,13.291688989607465,0.05,0.09,0.14,30.97,0.0,0.0,0.32,0.32
272,1.8785704614393683,0.05,0.09,0.14,30.97,0.0,0.0,0.32,0.32
273,13.701025860523147,0.05,0.09,0.14,30.97,0.0,0.0,0.32,0.32
274,0.5719426993982272,0.05,0.09,0.14,30.97,0.0,0.0,0.32,0.32
275,15.979332226581006,0.05,0.09,0.14,30.97,0.0,0.0,0.32,0.9184311428778777
276,17.760864612694576,0.05,0.09,0.14,30.97,0.0,-1.5475418370248784,0.32,0.32
277,3.776007227488846,0.05,0.09,0.14,30.97,0.0,0.0,0.32,1.8499245119021932
278,7.501167381429986,0.05,0.09,0.14,30.97,0.0,0.0,0.32,0.32
279,1.4207497116366372,0.05,0.09,0.14,30.97,0.0,0.0,0.32,0.32
280,9.731499982119685,0.05,0.09,0.14,30.97,0.0,0.0,0.32,0.32
281,11.911989332279711,0.05,0.09,0.14,30.97,0.07584036557632684,0.0,0.32,0.32
282,5.552131760451658,0.05,0.09,0.14,30.97,0.05784383262569859,0.0,0.32,0.32
283,13.802818321406878,0.05,0.09,0.14,30.97,0.0,0.0,0.32,0.32
284,4.660724386842423,0.05,0.09,0.14,30.97,0.0,0.0,132.41859505034873,0.32
285,5.945383228767348,0.05,0.09,0.14,30.97,0.0,0.0,0.32,0.32
286,15.274967144278845,0.05,0.09,0.14,30.97,0.0,0.0,0.32,1.827265907662976
287,13.169423602804857,0.05,0.09,0.14,30.97,0.0,0.0,0.32,0.32
288,3.650265203023216,0.05,0.09,0.14,30.97,0.0,0.0,0.32,0.32
289,8.680058735951528,0.05,0.09,0.14,30.97,0.23631369312491296,0.0,0.32,0.32
290,14.54546580863132,0.05,0.09,0.14,30.97,0.0,0.0,0.32,0.32
291,8.678419790748238,0.05,0.09,0.14,30.97,0.0,0.0,0.32,0.32
292,4.581056925763005,0.05,0.09,0.14,30.97,0.0,0.0,0.32,0.32
293,10.30155977628209,0.05,0.09,0.14,1.8034033199939614,0.0,0.0,0.32,0.32
294,2.1033741929104197,0.05,0.09,0.14,30.97,0.0,0.0,0.32,0.32
295,1.6023717237200135,0.05,0.09,0.14,30.97,-0.11755751963566663,0.0,0.32,0.32
296,14.21278694954604,0.05,0.09,0.14,2.2336835485794273,0.0,0.0,92.6954962291975,0.32
297,9.923228954114137,0.05,0.09,0.14,30.97,0.0,0.0,0.32,0.32
298,1.4512359609998637,0.05,0.09,0.14,30.97,0.0,0.0,0.32,0.32
299,11.91147917130902,0.05,0.09,0.14,30.97,0.0,0.0,0.32,0.32
300,16.100497217992682,0.05,0.09,0.14,30.97,0.0,0.0,0.32,0.32
301,0.6674919740238967,0.05,0.09,0.14,30.97,0.0,0.0,0.32,0.32
302,0.5460084343312989,0.05,0.09,0.14,30.97,0.0,0.0,0.32,0.32
303,6.259208119485053,0.05,0.09,0.14,30.97,0.0,0.0,0.32,0.32
304,12.485799990048733,0.05,0.09,0.14,30.97,0.0,0.0,0.32,0.32
305,8.446213811853047,0.05,0.09,20.933763586831144,30.97,0.0,0.0,0.32,0.32
306,8.655887394324493,0.05,0.09,0.14,30.97,0.0,0.0,0.32,0.32
307,10.319859517231121,0.05,0.09,0.14,30.97,0.0,0.0,0.32,0.32
308,5.57506979879054,0.05,0.09,0.14,30.97,0.0,0.0,0.32,0.32
309,8.629534561647025,0.05,0.09,0.14,30.97,0.0,0.0,0.32,0.32
310,13.016338574137512,0.05,0.09,0.14,30.97,0.0,0.0,0.32,0.32
311,9.790205126530555,0.05,0.09,0.14,30.97,0.0,0.0,0.32,0.32
312,16.552836402248467,0.05,0.09,0.14,30.97,0.0,0.0,0.32,0.32
313,3.306340919368398,0.05,0.09,0.14,1.8856141832251274,0.0,0.0,0.32,0.32
314,15.821067603635589,0.05,0.09,0.14,30.97,0.0,0.0,142.22950183250188,0.32
315,12.74486842226184,0.05,0.09,0.14,30.97,0.0,-2.6749570134935725,0.32,0.32
316,10.237774390630387,0.05,0.09,21.107712339811137,30.97,0.0,0.0,0.32,0.32
317,5.830404125728294,0.05,0.09,0.14,30.97,0.0,0.0,0.32,0.32
318,13.009192802821296,0.05,0.09,0.14,30.97,0.0,0.0,0.32,0.32
319,10.284474120492181,0.05,0.09,0.14,30.97,0.0,0.0,0.32,0.32
320,9.819773177399894,0.05,0.09,0.14,30.97,0.0,0.0,0.32,0.32
321,17.558043662522046,0.05,0.09,0.14,30.97,0.0,0.0,0.32,0.32
322,3.4566797909338427,0.05,0.09,0.14,30.97,0.0,0.0,0.32,0.32
323,2.899264501759121,0.05,0.09,0.14,30.97,0.0,0.0,0.32,0.32
324,17.837320496752962,0.05,0.09,0.14,1.9138559199663638,0.0,0.0,0.32,0.32
325,0.4717283074884611,0.05,0.09,0.14,30.97,0.0,0.0,263.0900601624519,0.32
326,7.071340402568712,0.05,0.09,0.14,2.1577833727206324,0.0,0.0,0.32,0.32
327,14.21636301045257,0.05,0.09,0.14,30.97,0.0,0.0,0.32,0.32
328,15.093131463701909,0.05,0.09,0.14,30.97,0.0,0.0,0.32,0.32
329,0.37998797479182966,0.05,0.09,0.14,30.97,0.0,0.0,0.32,0.32
330,16.125261037927388,0.05,0.09,0.14,30.97,0.0,0.0,0.32,0.32
331,17.37843563486537,0.05,0.09,0.14,30.97,0.0,0.0,0.32,0.32
332,16.95986868897645,0.05,0.09,0.14,30.97,0.0,0.0,0.32,0.32
333,2.136524990837437,0.05,0.09,0.14,30.97,0.0,0.0,0.32,0.32
334,0.7789361558181491,0.05,0.09,0.14,30.97,0.0,0.0,0.32,0.32
335,10.157689992371122,0.05,0.09,0.14,30.97,0.0,0.0,0.32,0.32
336,11.608901794016939,0.05,18.30015217968667,0.14,30.97,0.0,0.0,0.32,0.32
337,16.77143730157529,0.05,0.09,0.14,30.97,0.0,0.0,0.32,0.32
338,14.473787889154,0.05,0.09,0.14,30.97,0.0,0.0,0.32,0.32
339,16.032807265378327,0.05,0.09,0.14,30.97,0.0,0.0,0.32,0.32
340,7.250254681607992,0.05,0.09,0.14,30.97,0.0,0.0,0.32,0.32
341,3.8569923466211553,0.05,0.09,0.14,30.97,0.0,0.0,0.32,0.32
342,16.8573880224691,0.05,0.09,0.14,30.97,0.0,0.0,0.32,0.32
343,17.207011632229545,0.05,0.09,0.14,30.97,0.0,0.0,0.32,0.32
344,1.9392818638940372,0.05,0.09,0.14,30.97,-0.095698811640027,0.0,0.32,0.32
345,3.085439808595404,0.05,0.09,0.14,30.97,0.0,0.0,0.32,0.32
346,0.7841243533924418,0.05,0.09,0.14,30.97,0.0,0.0,0.32,0.32
347,11.432172995917671,0.05,0.09,0.14,30.97,0.0,0.0,0.32,0.32
348,7.050820769666269,18.08317770996932,0.09,0.14,30.97,0.0,0.0,0.32,0.32
349,6.707920478384945,0.05,0.09,0.14,30.97,0.0,0.0,0.32,0.32
350,17.859367551505358,0.05,0.09,0.14,30.97,0.0,0.0,0.32,0.32
351,6.587780275281138,0.05,0.09,0.14,30.97,0.0,0.0,0.32,0.32
352,17.350376629153747,0.05,0.09,0.14,30.97,0.0,0.0,0.32,0.32
353,7.005805892722668,0.05,0.09,0.14,30.97,0.0,0.0,0.32,2.0819249143077596
354,1.5184485677391506,0.05,0.09,0.14,30.97,0.0,0.0,0.32,0.32
355,14.138546356388398,0.05,0.09,0.14,30.97,0.0,0.0,0.32,0.32
356,16.49525283928491,0.05,0.09,0.14,30.97,0.0,1.7144161935915756,0.32,0.32
357,11.641986709229645,0.05,0.09,0.14,30.97,0.0,0.0,0.32,0.32
358,3.9648743306385437,0.05,0.09,0.14,30.97,0.0,0.0,0.32,0.32
359,13.678094251525438,0.05,0.09,0.14,1.8393939579226424,0.0,0.0,0.32,0.32
360,1.738988859709611,0.05,0.09,0.14,30.97,0.0,0.0,0.32,0.32
361,0.11696903002585925,0.05,0.09,0.14,30.97,0.0,0.0,0.32,0.32
362,2.8590424397923124,0.05,0.09,0.14,30.97,0.0,0.0,0.32,0.32
363,4.393117433791804,0.05,0.09,0.14,30.97,0.0,0.0,0.32,0.32
364,2.8293184006161165,0.05,0.09,20.418341149314994,30.97,0.0,0.0,0.32,0.32
365,5.529846671425984,0.05,0.09,0.14,30.97,0.33667155594276643,0.0,0.32,0.32
366,5.04547007863141,0.05,0.09,0.14,30.97,0.0,0.0,0.32,0.32
367,12.569321593961735,0.05,0.09,0.14,30.97,0.0,0.0,0.32,0.32
368,10.084226137878117,0.05,0.09,0.14,30.97,0.0,0.0,0.32,0.32
369,4.836214476498356,0.05,0.09,21.285361715784727,30.97,0.0,0.0,0.32,0.32
370,3.415456772268081,0.05,18.972029844587528,0.14,30.97,0.0,0.0,0.32,0.32
371,9.772627144443808,10.598345810482176,0.09,0.14,30.97,0.0,0.0,0.32,0.32
372,17.51392124717122,0.05,0.09,0.14,30.97,0.0,0.0,0.32,0.32
373,13.200675170265585,0.05,0.09,0.14,30.97,0.0,0.0,0.32,0.32
374,10.10917563981737,0.05,0.09,0.14,30.97,0.0,0.0,0.32,0.32
375,5.7769708856831805,0.05,0.09,0.14,30.97,0.0,0.0,0.32,0.32
376,6.136612622762896,11.971413292552032,0.09,0.14,30.97,0.0,0.0,26.959300000007122,0.32
377,8.044214635898165,0.05,0.09,0.14,30.97,0.0,0.0,0.32,0.32
378,2.5374992882862255,0.05,0.09,0.14,30.97,0.0,0.0,0.32,0.32
379,1.2696225192353907,0.05,0.09,20.17310102662058,30.97,0.0,0.0,0.32,0.32
380,3.8491036739390414,0.05,0.09,0.14,30.97,0.0,0.0,0.32,0.32
381,0.6470637720091595,0.05,0.09,0.14,30.97,0.0,0.0,0.32,0.32
382,4.249992864846769,0.05,0.09,0.14,30.97,0.0,0.0,0.32,0.32
383,8.950235297945154,0.05,0.09,0.14,30.97,0.0,0.0,0.32,0.32
384,1.845199599000398,0.05,0.09,0.14,30.97,0.0,0.0,0.32,0.32
385,16.371731476757766,0.05,0.09,0.14,30.97,0.0,0.0,0.32,0.32
386,12.730245709217291,0.05,0.09,0.14,30.97,0.0,0.0,0.32,0.32
387,0.3761723035432631,0.05,0.09,0.14,30.97,0.0,0.0,0.32,0.32
388,2.0364768478352673,0.05,0.09,0.14,30.97,0.0,0.0,0.32,1.7306933850071922
389,11.749127450172528,0.05,0.09,0.14,30.97,0.0,0.0,0.32,0.32
390,1.4625945052043916,0.05,0.09,0.14,30.97,0.0,0.0,0.32,0.32
391,2.086566718915596,0.05,0.09,0.14,30.97,0.0,0.0,0.32,0.32
392,2.9996179555755385,0.05,0.09,0.14,30.97,0.0,0.0,0.32,0.32
393,6.837879504859814,0.05,0.09,0.14,30.97,-0.2051044065009874,0.0,0.32,0.32
394,17.478925861233705,0.05,0.09,0.14,30.97,0.0,0.0,0.32,0.32
395,11.482159767962477,0.05,0.09,0.14,30.97,0.0,0.0,211.87230857650943,0.32
396,2.06252989375108,0.05,0.09,0.14,30.97,0.0,0.0,0.32,0.32
397,4.431591239957066,0.05,0.09,0.14,30.97,0.0,0.0,0.32,0.32
398,8.710166664145966,0.05,0.09,0.14,30.97,0.0,0.0,1.5816472035468427,0.32
399,14.814486358693568,0.05,0.09,0.14,30.97,0.0,0.0,0.32,0.32
400,13.99475994381645,0.05,0.09,0.14,30.97,0.0,0.0,0.32,2.157925343218104
401,14.561784055832756,0.05,0.09,0.14,30.97,0.0,0.0,0.32,0.32
402,16.330778575219824,18.371078787903766,0.09,0.14,30.97,0.0,0.0,0.32,0.32
403,6.5369704684514565,0.05,0.09,0.14,30.97,0.0,0.0,0.32,0.32
404,2.804544457191587,0.05,0.09,19.597174006028915,30.97,0.0,0.0,0.32,0.32
405,14.651057000979364,0.05,0.09,0.14,30.97,0.0,0.0,0.32,0.32
406,4.436161230511047,0.05,0.09,0.14,30.97,0.0,0.0,0.32,0.32
407,13.636769347015106,0.05,0.09,0.14,30.97,0.0,0.0,0.32,0.32
408,2.713644415423545,0.05,0.09,0.14,30.97,0.0,0.0,0.32,0.32
409,5.047519731763925,0.05,0.09,0.14,30.97,0.0,0.0,0.32,0.32
410,1.457428095299571,0.05,0.09,0.14,30.97,0.0,0.0,0.32,0.32
411,7.920773095301851,0.05,0.09,0.14,30.97,0.0,0.0,0.32,0.32
412,10.118603686137503,0.05,0.09,0.14,30.97,0.0,0.0,0.32,0.32
413,14.858903700113222,0.05,0.09,0.14,30.97,0.0,0.0,76.78988126991851,0.32
414,17.68166902962088,0.05,0.09,0.14,30.97,0.0,0.0,0.32,0.32
415,4.835099800319721,0.05,0.09,0.14,30.97,0.0,0.5523488173041256,0.32,0.32
416,7.820246767328981,0.05,0.09,0.14,30.97,0.0,0.0,0.32,0.32
417,13.899519610774332,0.05,0.09,0.14,30.97,0.0,0.0,0.32,0.32
418,12.203185969720355,0.05,0.09,0.14,30.97,0.0,0.0,0.32,0.32
419,15.937101916390882,0.05,0.09,0.14,30.97,0.0,0.0,0.32,0.32
420,5.708322841483368,0.05,0.09,0.14,30.97,0.13595850448325897,0.0,0.32,0.32
421,13.021710818613094,0.05,0.09,0.14,30.97,0.0,0.0,0.32,0.32
422,7.781937539113662,0.05,0.09,0.14,30.97,0.0,0.0,26.043537764472042,0.32
423,13.085215075839955,0.05,0.09,0.14,30.97,0.0,0.0,0.32,0.32
424,12.083128916474376,0.05,0.09,0.14,30.97,0.0,0.0,0.32,0.32
425,16.587314047297358,0.05,0.09,0.14,30.97,0.0,0.0,0.32,0.32
426,10.749257919185194,0.05,0.09,0.14,30.97,0.0,0.0,156.64633024195797,0.32
427,7.620890963794807,0.05,0.09,0.14,30.97,0.0,0.0,0.32,0.32
428,4.448772669225644,0.05,0.09,0.14,30.97,0.0,0.0,0.32,0.32
429,11.329087205192325,0.05,0.09,0.14,30.97,0.0,0.0,0.32,0.32
430,4.931180451378649,0.05,0.09,0.14,30.97,0.01774698208066816,0.0,0.32,0.32
431,0.2389972944966884,0.05,0.09,0.14,30.97,0.0,0.0,0.32,0.32
432,5.875757556759916,0.05,0.09,0.14,30.97,0.0,0.0,0.32,0.32
433,11.035161697115587,0.05,0.09,0.14,30.97,0.0,0.0,130.82249344677226,1.7090344492611522
434,13.193473606970825,0.05,0.09,0.14,30.97,0.0,0.0,0.32,0.32
435,14.31168334545422,0.05,0.09,0.14,30.97,0.0,0.0,0.32,0.32
436,6.89104888879169,0.05,0.09,0.14,30.97,0.0,-0.03153640347652642,0.32,0.32
437,15.659088400336543,0.05,0.09,0.14,30.97,0.0,0.0,0.32,0.32
438,3.3297623524600506,0.05,0.09,0.14,30.97,0.0,0.0,0.32,0.32
439,16.4838998792565,0.05,0.09,0.14,30.97,0.0,0.0,0.32,1.239407940673091
440,1.2359311200175316,0.05,0.09,0.14,30.97,0.0,0.0,0.32,0.32
441,11.737224713086936,0.05,0.09,0.14,30.97,0.0,0.0,0.32,0.32
442,15.942169111540807,0.05,0.09,0.14,30.97,0.14317701545306605,0.0,0.32,0.32
443,2.336823008587218,0.05,0.09,0.14,30.97,0.0,0.5728626711342488,0.32,0.32
444,17.820053827692526,0.05,18.750776023278835,0.14,30.97,0.0,0.0,0.32,0.32
445,14.267404646197738,0.05,20.18617988237971,0.14,30.97,0.0,-1.944899155463189,248.7872913348761,0.32
446,1.8047454481730894,0.05,0.09,0.14,30.97,0.0,0.0,0.32,0.32
447,7.276864461121673,0.05,0.09,0.14,30.97,-0.18891490255944243,1.6290592634229943,64.84704449723996,0.32
448,2.459507996723182,0.05,0.09,0.14,30.97,0.0,0.0,0.32,0.32
449,3.7419377722243774,0.05,0.09,0.14,30.97,0.0,0.0,0.32,0.32
450,9.418686970449835,0.05,0.09,0.14,30.97,0.0,-1.549600104659467,0.32,0.32
451,1.3741727841209146,0.05,0.09,0.14,30.97,0.0,0.0,0.32,0.32
452,9.582528843387088,0.05,0.09,0.14,30.97,0.0,0.0,0.32,0.32
453,3.8291467242434933,0.05,0.09,0.14,30.97,0.0,-2.6890443892352645,0.32,0.32
454,12.501173885267871,0.05,0.09,0.14,1.7614643570928434,0.0,0.0,0.32,0.32
455,7.572596906123034,0.05,0.09,0.14,30.97,0.0,0.0,0.32,0.32
456,6.306952121092168,0.05,0.09,0.14,30.97,0.0,0.0,0.32,0.32
457,16.751137928133325,0.05,0.09,0.14,30.97,0.0,0.0,0.32,0.32
458,12.781999049691766,0.05,0.09,0.14,30.97,0.0,0.0,0.32,0.32
459,8.66307717015509,0.05,0.09,0.14,30.97,0.0,0.0,0.32,0.32
460,11.628078423994815,0.05,0.09,0.14,30.97,0.0,0.0,0.32,0.32
461,17.54380838377674,0.05,0.09,0.14,30.97,0.0,0.0,0.32,0.32
462,14.370814630487207,0.05,0.09,0.14,30.97,0.0,0.0,0.32,0.32
463,11.041934055809275,0.05,0.09,0.14,30.97,0.0,0.0,0.32,0.32
464,0.08478554133091845,0.05,0.09,0.14,30.97,0.0,0.0,0.32,0.32
465,12.723244251851385,0.05,0.09,0.14,0.0002648406456480501,0.0,0.0,0.32,0.32
466,15.515128058927601,0.05,0.09,0.14,30.97,0.0,0.0,0.32,2.4287031486440744
467,11.761177819986255,0.05,0.09,0.14,30.97,0.0,0.0,0.32,0.32
468,17.386712821765144,0.05,0.09,0.14,0.12328948557054696,0.0,0.0,0.32,0.32
469,5.00041125626918,0.05,0.09,0.14,0.6933042889310665,0.0,0.3955017250812327,0.32,0.46461262092024885
470,9.111762744201396,0.05,0.09,0.14,30.97,0.0,0.0,0.32,0.32
471,9.130914792575535,0.05,0.09,0.14,30.97,0.0,0.0,233.7851368264341,0.32
472,16.697370809963758,0.05,19.647229335665,0.14,30.97,0.0,0.0,0.32,0.32
473,7.445848194483268,0.05,0.09,0.14,30.97,0.0,0.0,0.32,0.32
474,4.425732206176132,13.981166884117881,0.09,0.14,30.97,0.0,0.0,0.32,0.32
475,0.5553243180987095,0.05,0.09,0.14,30.97,0.0,0.0,0.32,0.32
476,14.182405575914364,0.05,0.09,0.14,30.97,0.0,-0.49864881796194105,0.32,0.32
477,6.851750289015449,0.05,0.09,0.14,30.97,0.0,0.0,0.32,0.32
478,8.58353619621127,0.05,0.09,0.14,30.97,0.0,0.0,0.32,0.32
479,16.62018281824581,0.05,0.09,0.14,30.97,0.0,0.0,0.32,0.32
480,2.26750712162072,0.05,0.09,0.14,30.97,0.0,0.0,0.32,0.32
481,11.061843485772428,0.05,0.09,0.14,30.97,0.0,0.0,0.32,0.32
482,8.085362936489217,0.05,0.09,0.14,30.97,0.0,0.0,0.32,0.32
483,3.4036123671734937,0.05,0.09,0.14,30.97,0.0,0.0,0.32,0.32
484,4.1494113043858905,0.05,0.09,0.14,30.97,0.0,0.0,6.369594039679267,0.32
485,6.946011780262102,0.05,0.09,0.14,30.97,0.0,0.0,0.32,0.32
486,2.5081643933593427,5.447982111958544,0.09,0.14,30.97,0.0,0.0,0.32,0.32
487,8.424043451269483,8.789182619954392,0.09,0.14,30.97,0.0,0.0,0.32,0.32
488,2.616644885392123,0.05,0.09,0.14,30.97,0.0,0.0,0.32,0.32
489,5.393871719582079,0.05,0.09,20.518657578517473,30.97,0.0,0.0,0.32,0.32
490,17.48443539680918,0.05,0.09,0.14,30.97,0.0,0.0,0.32,0.32
491,11.821305304758344,13.742516236130013,0.09,0.14,30.97,0.0,0.0,0.32,0.32
492,16.85141483448238,18.666990995289154,0.09,0.14,30.97,0.0,0.0,0.32,0.32
493,8.006212630012293,0.05,0.09,0.14,30.97,0.0,0.0,0.32,0.32
494,17.67677531963282,0.05,0.09,0.14,30.97,0.0,0.0,218.94526212422494,0.32
495,10.925663349339981,0.05,0.09,20.253974105300802,30.97,0.0,0.0,0.32,1.4143891418740975
496,17.36931727165773,0.05,0.09,0.14,1.3395067189988583,0.0,0.0,0.32,0.32
497,7.5707004602211745,0.05,0.09,0.14,30.97,0.0,0.0,0.32,0.32
498,14.52560345238471,0.05,0.09,0.14,30.97,0.0,0.0,0.32,0.32
499,7.80299519340148,0.05,0.09,0.14,30.97,0.0,0.0,0.32,0.32
500,11.597818653666481,0.05,0.09,0.14,30.97,0.0,0.0,0.32,0.32
501,12.558446196180157,0.05,0.09,0.14,1.1908658977922686,0.0,0.0,0.32,0.32
502,0.7839556068172373,0.05,0.09,0.14,30.97,0.0,0.0,0.32,0.32
503,10.479679347604847,0.05,0.09,0.14,30.97,0.0,0.0,0.32,0.32
504,6.0684191333537445,0.05,0.09,0.14,30.97,0.0,0.0,0.32,0.32
505,0.4809276187668891,0.05,11.204082939887499,0.14,30.97,0.0,0.0,0.32,2.164898668212863
506,12.78752105518462,0.05,0.09,0.14,30.97,0.0,0.0,0.32,0.32
507,7.512872053625475,0.05,0.09,0.14,30.97,0.0,0.0,0.32,0.32
508,3.3647342830357547,0.05,0.09,0.14,30.97,0.0,0.0,0.32,0.32
509,10.616141613065276,0.05,0.09,0.14,30.97,0.0,0.0,0.32,0.32
510,15.13460083526063,0.05,0.09,0.14,30.97,0.0,0.0,0.32,0.32
511,2.092980376449757,0.05,0.09,0.14,30.97,0.05995317523405258,0.0,0.32,0.32
512,0.5534606874260304,0.05,0.09,0.14,30.97,-0.12514973444533328,0.0,0.32,0.32
513,10.832062758437853,0.05,0.09,0.14,30.97,0.0,0.0,0.32,2.055362053918477
514,7.6208106756343374,0.05,0.09,0.14,30.97,0.0,0.0,0.32,0.32
515,5.585173497521835,0.05,0.09,0.14,30.97,0.0,0.0,0.32,0.32
516,3.4235148691949315,0.05,0.09,0.14,30.97,0.0,0.0,0.32,0.32
517,2.2621707869423577,0.05,0.09,0.14,30.97,0.0,0.0,0.32,0.32
518,0.18045072272570029,0.05,0.09,0.14,30.97,0.0,0.0,0.32,0.32
519,13.96069912554434,0.05,0.09,0.14,30.97,0.0,0.0,0.32,0.32
520,14.986045405515794,0.05,0.09,0.14,30.97,0.0,0.0,0.32,0.32
521,5.587924660660852,0.05,0.09,0.14,30.97,0.0,0.0,0.32,0.32
522,14.697611909520504,0.05,0.09,0.14,30.97,0.0,-1.8934551440314364,0.32,0.32
523,3.4409650200834023,0.05,0.09,0.14,30.97,0.0,0.0,0.32,0.32
524,15.300303758397748,0.05,0.09,19.670697596918224,30.97,0.0,0.0,0.32,0.32
525,15.654168799146944,0.05,0.09,0.14,30.97,0.0,0.0,0.32,0.32
526,16.275820359517912,0.05,0.09,0.14,30.97,0.0,0.0,0.32,0.32
527,13.38327121114359,0.05,0.09,0.14,30.97,0.0,0.0,0.32,0.32
528,0.562911469128613,0.05,0.09,0.14,30.97,0.0,0.0,0.32,0.32
529,8.666257418633473,0.05,0.09,0.14,30.97,0.0,-2.408332095991623,0.32,0.32
530,2.8307968438568047,0.05,0.09,0.14,30.97,0.0,0.0,0.32,0.32
531,6.999180359404995,0.05,0.09,0.14,30.97,0.0,0.0,0.32,0.32
532,4.2399678948918815,0.05,0.09,0.14,30.97,0.0,0.0,0.32,0.32
533,6.532673669709887,0.05,0.09,0.14,30.97,0.0,0.0,0.32,0.32
534,7.185322494774229,0.05,9.3473715305831,0.14,30.97,0.0,0.0,0.32,0.32
535,9.62948725798253,0.05,0.09,0.14,30.97,0.0,0.0,0.32,0.32
536,4.485496988287403,0.05,0.09,0.14,30.97,0.0,0.0,0.32,1.9945099137305513
537,8.919335454068088,0.05,0.09,0.14,30.97,0.0,0.0,0.32,0.32
538,13.069966338667893,0.05,0.09,0.14,30.97,0.0,0.0,0.32,0.32
539,8.43185245420758,0.05,0.09,0.14,30.97,0.0,0.0,0.32,0.32
540,4.469734643957816,0.05,0.09,0.14,30.97,0.0,0.0,0.32,0.32
541,4.373935681157224,0.05,0.09,0.14,30.97,0.0,0.0,0.32,1.0678075575778454
542,13.216069858648982,0.05,0.09,0.14,30.97,0.0,0.0,0.32,0.32
543,11.753818004930945,0.05,0.09,0.14,30.97,0.0,0.0,0.32,0.32
544,13.234336297305719,0.05,0.09,0.14,30.97,0.0,0.0,0.32,0.32
545,14.244464594265768,0.05,0.09,0.14,30.97,0.0,0.0,0.32,0.32
546,17.373720005067323,0.05,0.09,0.14,30.97,0.0,0.0,0.32,0.32
547,2.811468761586599,0.05,0.09,0.14,30.97,0.0,0.0,0.32,0.32
548,13.63286581235705,0.05,0.09,0.14,30.97,0.0,0.0,0.32,0.32
549,11.39014809115628,0.05,0.09,0.14,30.97,0.0,0.0,0.32,0.32
550,6.523598705927765,0.05,0.09,0.14,30.97,0.0,0.0,0.32,0.32
551,0.7993611007536275,0.05,0.09,0.14,30.97,0.0,0.0,0.32,0.32
552,6.778619406959204,0.05,0.09,0.14,30.97,0.0,0.0,0.32,0.32
553,0.20464514482039525,0.05,0.09,0.14,30.97,0.0,0.0,0.32,0.32
554,12.689943777117296,0.05,0.09,0.14,30.97,0.0,0.0,0.32,0.32
555,12.168037614934711,0.05,0.09,0.14,30.97,-0.0463098743565232,0.0,0.32,0.32
556,5.23607592847469,0.05,0.09,0.14,30.97,0.0,0.0,0.32,0.32
557,2.6255538125912707,0.05,0.09,0.14,30.97,0.0,0.0,0.32,0.32
558,7.256405308511669,0.05,0.09,0.14,30.97,0.0,0.0,0.32,0.32
559,13.012327070183543,0.05,0.09,19.92302313619367,30.97,0.0,0.0,0.32,0.32
560,13.428375751786026,0.05,0.09,0.14,1.4648294094418046,0.0,0.0,0.32,0.32
561,14.274694754915023,0.05,0.09,0.14,30.97,0.0,0.0,0.32,0.32
562,14.467750183216086,0.05,0.09,0.14,30.97,0.0,-2.6252761248162035,0.32,0.32
563,11.931429037711982,0.05,0.09,0.14,30.97,0.0,0.0,153.93473745205674,0.32
564,12.103724478727628,0.05,0.09,0.14,30.97,0.0,0.0,0.32,0.32
565,16.404890972445077,0.05,0.09,0.14,1.6651333803730928,0.0,0.0,0.32,0.32
566,14.2312575369693,0.05,0.09,0.14,30.97,0.0,0.0,0.32,0.32
567,8.455591148019469,0.05,0.09,0.14,30.97,-0.05538183471038963,0.0,0.32,0.32
568,7.262688490054673,0.05,0.09,0.14,30.97,0.0,0.0,0.32,0.32
569,3.1872264568166817,0.05,0.09,0.14,30.97,0.0,1.7499584499351837,0.32,0.32
570,17.382900000916525,0.05,0.09,0.14,30.97,0.0,0.0,0.32,0.32
571,17.14615106060267,0.05,0.09,0.14,30.97,0.0,0.0,0.32,0.32
572,0.7527396093768783,0.05,0.09,0.14,30.97,0.0,0.0,233.95972565551705,0.32
573,14.97744254028527,0.05,0.09,0.14,30.97,0.0,0.0,0.32,0.32
574,6.660196578732237,0.05,0.09,0.14,30.97,0.0,0.0,0.32,0.32
575,10.217007339460729,0.05,0.09,0.14,30.97,0.0,0.0,0.32,0.32
576,6.893982840106313,0.05,0.09,0.14,30.97,0.0,0.0,0.32,0.32
577,17.51383267135619,0.05,0.09,0.14,30.97,0.0,0.0,0.32,0.32
578,11.015386631906235,0.05,0.09,0.14,30.97,0.0,0.0,0.32,0.32
579,8.2578493196179,0.05,0.09,0.14,30.97,0.0,-0.6198783641075245,0.32,0.32
580,15.9746634942708,18.09338377409872,0.09,0.14,30.97,0.0,0.0,0.32,0.32
581,10.69219968390557,0.05,0.09,0.14,30.97,0.0,0.0,0.32,0.32
582,9.943553296815873,0.05,0.09,0.14,30.97,0.0,0.0,0.32,0.32
583,2.816665261869218,0.05,0.09,0.14,30.97,0.0,0.0,0.32,0.32
584,5.439232334037194,0.05,0.09,0.14,30.97,0.0,0.0,0.32,0.32
585,1.5334852081812236,0.05,0.09,0.14,30.97,0.0,0.0,0.32,0.32
586,15.579412502360512,0.05,0.09,0.14,30.97,0.0,0.0,0.32,0.37271540779519097
587,7.3149384744575885,0.05,0.09,0.14,30.97,0.0,0.0,0.32,0.32
588,6.164037648741074,0.05,0.09,0.14,30.97,0.0,0.0,0.32,0.32
589,17.055508039875033,0.05,0.09,0.14,30.97,0.0,0.0,0.32,0.32
590,15.108599274620007,0.05,0.09,0.14,30.97,0.0,0.0,0.32,0.32
591,0.851937801505662,0.05,0.09,0.14,30.97,0.0,0.0954837165793121,0.32,0.32
592,13.521642473789182,0.05,0.09,0.14,30.97,0.0,0.0,0.32,0.32
593,0.9966326944129927,0.05,0.09,0.14,30.97,0.0,-1.5079318979478635,0.32,0.32
594,17.586367176135496,0.05,0.09,20.952664468086,30.97,0.0,0.0,0.32,0.32
595,7.853296093263241,0.05,0.09,0.14,30.97,0.0,0.0,0.32,0.32
596,17.134324949291898,0.05,0.09,0.14,30.97,0.0,0.0,0.32,0.32
597,17.101209556542262,0.05,0.09,0.14,30.97,0.0840981459116133,0.0,96.93098954505851,1.8332794122179088
598,2.2750683857610254,0.05,0.09,0.14,0.08519741935917158,0.0,0.0,0.32,0.32
599,15.687148614794555,0.05,0.09,0.14,30.97,0.0,0.0,0.32,0.32
600,1.6760333627636035,0.05,0.09,0.14,30.97,0.0,0.0,0.32,0.32
601,1.2359502258328383,0.05,0.09,0.14,30.97,0.0,0.0,0.32,0.32
602,9.872767674115185,0.05,0.09,0.14,30.97,0.0,0.0,0.32,0.32
603,12.001111715913416,0.05,0.09,0.14,30.97,0.0,0.0,0.32,0.32
604,16.75205556443174,0.05,0.09,20.765753889812945,30.97,0.0,0.0,0.32,0.32
605,8.720419136280372,16.762232355388818,0.09,0.14,30.97,0.0,0.0,0.32,0.32
606,5.18305961303934,0.05,0.09,0.14,30.97,0.0,0.0,0.32,0.32
607,11.881158341523468,0.05,0.09,0.14,30.97,0.0,0.0,0.32,0.32
608,5.19879084934798,0.05,0.09,0.14,30.97,0.0,0.0,0.32,0.32
609,11.680860698717941,0.05,0.09,0.14,30.97,0.0,0.0,0.32,0.32
610,1.903049071242976,0.05,0.09,0.14,30.97,0.0,0.0,0.32,0.32
611,17.715585231352847,0.05,0.09,0.14,30.97,0.0,0.0,0.32,0.32
612,11.861451610472885,0.05,0.09,0.14,30.97,0.0,0.0,0.32,0.32
613,3.3010496621644285,0.05,0.09,0.14,1.5923400594827661,0.0,0.0,0.32,0.32
614,0.5044593557062343,0.05,0.09,0.14,30.97,0.0,0.0,0.32,0.32
615,10.619176542259808,0.05,0.09,0.14,1.837894973049191,0.0,0.0,0.32,0.32
616,6.488257154973943,0.05,0.09,0.14,30.97,0.0,0.0,0.32,0.32
617,12.923376433257795,0.05,0.09,0.14,30.97,0.0,0.0,0.32,0.32
618,1.8824066775112764,0.05,0.09,0.14,30.97,0.0,0.0,0.32,0.32
619,15.978065117083414,0.05,0.09,0.14,30.97,0.0,0.0,0.32,0.32
620,4.893052391581962,0.05,17.331558110103487,0.14,30.97,0.0,0.0,198.1837438767207,0.32
621,9.718267723363972,0.05,0.09,0.14,30.97,0.0,0.0,0.32,0.32
622,1.0865455588918234,0.05,0.09,0.14,30.97,0.0,0.0,0.32,0.32
623,8.768386785257801,0.05,0.09,0.14,30.97,0.0,0.0,215.48635506380467,0.32
624,14.952698416326308,0.05,0.09,0.14,30.97,0.0,0.0,0.32,0.32
625,6.63503162901681,0.05,0.09,0.14,30.97,0.0,0.0,0.32,0.32
626,10.640943156319201,0.05,0.09,0.14,30.97,0.0,0.0,0.32,0.32
627,13.466787158705975,0.05,0.09,0.14,30.97,0.0,0.0,0.32,0.32
628,7.137286784146116,0.05,0.09,0.14,30.97,0.0,0.0,0.32,0.32
629,9.818111680166727,0.05,0.09,0.14,30.97,0.0,0.0,0.32,0.32
630,8.233685512259216,0.05,0.09,0.14,30.97,0.0,0.0,0.32,0.32
631,3.9939899272745327,0.05,0.09,0.14,30.97,0.0,0.0,0.32,0.32
632,5.4980730361516095,0.05,0.09,0.14,30.97,0.0,0.0,0.32,0.32
633,4.866995219482001,0.05,0.09,0.14,30.97,0.0,0.0,0.32,1.8377460527700962
634,5.7649767255434465,0.05,0.09,0.14,30.97,0.0,0.0,0.32,0.32
635,17.744030351287385,0.05,0.09,0.14,30.97,0.0,0.0,0.32,0.32
636,11.04123220080769,0.05,0.09,0.14,30.97,0.0,0.0,0.32,0.32
637,2.398971942493695,0.05,0.09,0.14,30.97,0.0,0.0,0.32,0.32
638,17.870251049636305,0.05,0.09,0.14,0.412167775533492,0.0,0.0,0.32,0.32
639,5.613242470158502,0.05,0.09,0.14,30.97,0.0,0.0,0.32,0.32
640,8.123868291032593,0.05,0.09,0.14,30.97,0.0,0.0,0.32,0.32
641,8.202523846371852,0.05,0.09,0.14,30.97,0.0,0.0,0.32,0.32
642,7.906226315593412,16.826816089284687,18.841202354023594,0.14,30.97,0.0,0.0,0.32,0.32
643,12.64451738044878,0.05,0.09,0.14,30.97,0.0,0.0,0.32,0.32
644,11.50648103172587,0.05,0.09,0.14,30.97,0.16102748536654993,0.0,0.32,0.32
645,5.779652435798257,0.05,0.09,0.14,30.97,0.0,0.0,0.32,0.32
646,6.159604342222169,0.05,0.09,0.14,30.97,0.0,0.0,0.32,1.3954478935730645
647,13.182513341720972,0.05,0.09,0.14,30.97,0.0,0.0,0.32,0.32
648,16.231636412952074,0.05,0.09,0.14,30.97,0.0,0.0,0.32,0.32
649,16.44962291716488,0.05,0.09,0.14,30.97,0.0,0.0,0.32,0.32
650,8.197106594851075,0.05,0.09,0.14,30.97,0.0,0.0,0.32,0.32
651,5.774782631024952,0.05,0.09,0.14,30.97,0.0,0.0,0.32,0.32
652,6.7201858601393765,0.05,0.09,0.14,30.97,0.0,0.0,0.32,0.32
653,13.830234044517075,0.05,0.09,0.14,30.97,0.0,0.0,0.32,0.32
654,16.40587265424169,0.05,0.09,0.14,30.97,0.0,0.0,0.32,0.32
655,13.951156765652106,15.46053532904991,0.09,0.14,30.97,0.0,0.0,0.32,0.32
656,14.260965544664323,0.05,0.09,0.14,1.2825524787830147,0.0,0.0,0.32,0.32
657,0.6906022985648135,0.05,0.09,0.14,30.97,0.0,0.0,0.32,0.32
658,11.168054334466328,0.05,0.09,0.14,30.97,0.0,0.0,0.32,0.32
659,10.054886761391979,0.05,0.09,0.14,30.97,0.0,0.0,0.32,0.32
660,0.40261764886290424,0.05,0.09,16.179639999679157,30.97,0.0,0.0,0.32,0.32
661,3.612403962352991,0.05,0.09,0.14,30.97,0.0,0.0,0.32,0.32
662,2.3786251494018416,0.05,0.09,0.14,30.97,0.0,0.0,0.32,0.32
663,17.178347415119354,0.05,0.09,0.14,30.97,0.0,0.0,0.32,0.32
664,15.35179317017573,0.05,0.09,0.14,30.97,0.0,0.0,0.32,0.32
665,5.064061072200146,15.81792789525548,0.09,0.14,30.97,0.0,0.0,0.32,0.32
666,10.713924055629827,0.05,0.09,0.14,30.97,0.0,1.7495262991584255,17.770518820423,0.32
667,4.7649345098559515,0.05,0.09,0.14,30.97,0.0,0.0,0.32,1.5171259472952863
668,5.524174974889355,18.52934649065199,0.09,21.3665456030308,30.97,0.0,0.0,0.32,0.32
669,11.406192727660443,0.05,0.09,19.097834808154904,30.97,0.0,0.0,0.32,0.32
670,4.2288659680152945,0.05,15.840452930401378,0.14,30.97,0.0,0.0,0.32,0.32
671,2.806352033339565,0.05,0.09,0.14,30.97,0.0,0.0,0.32,0.32
672,17.146803098914734,0.05,0.09,0.14,30.97,0.0,0.0,0.32,0.32
673,9.089516503510472,0.05,0.09,0.14,30.97,0.0,0.0,0.32,0.32
674,9.98768587866923,0.05,0.09,0.14,30.97,0.0,0.0,0.32,0.32
675,12.043998797722104,0.05,0.09,0.14,30.97,0.0,0.0,0.32,0.32
676,2.9144874143112496,0.05,0.09,0.14,0.045447009464478154,0.0,0.0,0.32,0.32
677,6.61659227036197,0.05,0.09,0.14,30.97,0.0,0.0,0.32,0.32
678,7.788219723803268,0.05,0.09,0.14,30.97,0.0,-1.3147232927492305,0.32,2.27747795165962
679,8.552430990198305,0.05,0.09,0.14,30.97,0.0,0.0,0.32,0.32
680,17.04372681834391,0.05,0.09,0.14,30.97,0.0,0.0,0.32,0.32
681,12.823733816747874,0.05,0.09,0.14,30.97,0.0,0.0,0.32,0.32
682,17.23486288903992,0.05,0.09,0.14,30.97,0.0,0.0,0.32,0.32
683,13.677161635482838,0.05,0.09,0.14,30.97,0.0,0.0,0.32,0.32
684,2.1505542581773778,11.812478511585688,0.09,0.14,30.97,0.0,0.0,0.32,0.32
685,15.29319109991047,0.05,0.09,0.14,30.97,0.0,0.0,0.32,0.32
686,7.007711222445818,0.05,0.09,0.14,30.97,0.0,0.0,0.32,0.32
687,17.759600964732325,0.05,0.09,0.14,30.97,0.0,0.0,0.32,0.32
688,6.4487272318625575,0.05,0.09,0.14,30.97,0.0,0.0,0.32,0.32
689,4.656897021358347,0.05,17.692095898070733,0.14,30.97,0.0,0.0,199.43176812161238,0.32
690,11.17350230276538,0.05,0.09,0.14,30.97,0.0,0.0,0.32,0.32
691,10.409463086278999,0.05,0.09,0.14,30.97,0.0,0.0,0.32,0.32
692,11.755783003052787,16.531842129412578,0.09,0.14,30.97,0.0,0.0,0.32,0.32
693,15.090979439365716,0.05,20.632313663296305,0.14,30.97,0.0,0.0,0.32,0.32
694,7.799130992785858,0.05,0.09,0.14,30.97,0.0,0.0,0.32,0.32
695,0.7911943525232271,0.05,0.09,0.14,30.97,0.10857269927460905,0.0,0.32,0.32
696,4.521592455853549,0.05,0.09,0.14,30.97,0.0,0.0,0.32,0.32
697,14.372624061702702,0.05,0.09,0.14,30.97,0.0,0.0,0.32,0.32
698,1.5786546787128661,0.05,17.61671480805738,0.14,30.97,0.0,0.0,0.32,0.32
699,9.990477406701205,0.05,0.09,0.14,30.97,0.0,0.0,0.32,0.32
700,7.107560614413443,0.05,0.09,0.14,30.97,0.0,0.0,0.32,0.32
701,4.208006804873057,6.937745397225486,0.09,0.14,30.97,0.0,0.0,0.32,0.32
702,1.8819441282641265,0.05,0.09,0.14,30.97,0.28779522176305106,0.0,0.32,0.32
703,13.315293864246543,0.05,0.09,0.14,30.97,0.0,0.0,0.32,0.32
704,4.9742026235296155,0.05,0.09,0.14,30.97,0.0,0.0,0.32,0.32
705,11.113125209861568,0.05,0.09,0.14,30.97,0.0,0.0,0.32,0.32
706,1.2922032649775796,0.05,0.09,0.14,30.97,0.0,0.0,0.32,0.32
707,8.367396723227913,0.05,0.09,0.14,30.97,0.0,0.0,0.32,0.32
708,5.912389711845858,17.921839194434433,0.09,0.14,30.97,0.0,0.0,0.32,0.32
709,2.8542350108275127,0.05,0.09,0.14,30.97,0.0,0.0,145.69601913759033,0.32
710,4.248169850489988,0.05,0.09,0.14,30.97,0.0,0.0,0.32,0.32
711,2.858298333632303,0.05,0.09,0.14,30.97,0.0,0.0,0.32,0.32
712,13.64242400231055,0.05,0.09,0.14,30.97,0.0,0.0,0.32,0.32
713,12.491776885989477,0.05,0.09,0.14,30.97,0.0,0.0,0.32,0.32
714,5.981775064941796,0.05,0.09,0.14,30.97,0.0,0.0,0.32,0.27869337561364044
715,5.440202242262908,0.05,0.09,0.14,30.97,0.0,0.0,0.32,0.32
716,17.239471351917906,0.05,0.09,0.14,30.97,0.0,-1.1730639651396153,0.32,0.32
717,0.7709454141499669,0.05,0.09,0.14,30.97,0.0,0.0,0.32,0.32
718,13.143801721163973,0.05,0.09,0.14,30.97,0.0,0.0,0.32,0.32
719,5.811449418502583,0.05,0.09,0.14,30.97,0.0,0.0,0.32,0.32
720,16.82751096416745,0.05,0.09,0.14,30.97,-0.1631145078716255,0.0,0.32,0.32
721,14.936245165208884,0.05,0.09,0.14,30.97,0.0,0.0,0.32,0.32
722,15.607376576461078,0.05,0.09,0.14,30.97,0.0,0.0,0.32,0.32
723,3.94668784068826,0.05,0.09,0.14,1.1993734531972557,0.0,0.0,0.32,0.32
724,9.48426462963181,0.05,0.09,0.14,30.97,0.0,0.0,0.32,0.32
725,17.78204020120379,0.05,19.9413558611918,0.14,30.97,0.0,0.0,0.32,1.8636542497846793
726,16.039503068144633,0.05,0.09,0.14,30.97,0.0,0.0,0.32,0.32
727,8.674000671628262,0.05,0.09,0.14,30.97,0.0,0.0,0.32,0.32
728,15.85400754420553,0.05,0.09,0.14,30.97,0.0,0.0,0.32,0.32
729,4.1584377525617295,0.05,0.09,0.14,30.97,0.0,0.0,0.32,0.32
730,15.966112763139877,0.05,0.09,17.849884753455786,30.97,0.0,0.0,0.32,0.32
731,16.27831604540526,0.05,0.09,0.14,30.97,0.0,0.0,0.32,0.32
732,16.030845309037552,0.05,0.09,0.14,30.97,0.0,0.0,0.32,0.32
733,4.57243964877836,12.008270844288072,0.09,0.14,2.035967615180375,0.24571270284502272,0.0,0.32,0.32
734,1.9948047549903676,0.05,19.801854495263942,0.14,30.97,0.0,0.0,0.32,0.32
735,7.016969228760925,0.05,0.09,0.14,30.97,0.0,0.0,0.32,0.32
736,0.7286731741585757,0.05,20.18956408806154,0.14,30.97,0.28969561740517624,0.0,0.32,0.32
737,16.26917275410611,0.05,0.09,0.14,0.4894601718536459,0.007730113046088449,0.0,0.32,0.8692045427844571
738,10.445005503105655,0.05,20.49642032680681,0.14,30.97,0.0,0.0,0.32,0.32
739,0.2413170793504546,0.05,0.09,0.14,30.97,0.0,0.0,0.32,0.32
740,15.76662957379583,0.05,0.09,0.14,30.97,0.0,0.0,0.32,0.32
741,4.112052716398633,0.05,15.459029404738901,0.14,30.97,0.0,0.0,38.34291984719814,0.32
742,8.133626254261936,0.05,0.09,0.14,30.97,0.0,0.0,0.32,0.32
743,7.343427622914645,0.05,0.09,19.272584590525863,30.97,0.0,0.0,0.32,0.32
744,1.5934983561456346,0.05,0.09,0.14,30.97,0.0,0.0,0.32,0.32
745,4.2914594990919355,0.05,0.09,0.14,30.97,0.0,0.0,0.32,0.32
746,5.909876997492059,0.05,0.09,0.14,30.97,0.0,-1.591343951979931,0.32,0.32
747,1.0134885290222415,3.173427607916433,0.09,0.14,30.97,0.0,0.0,0.32,0.32
748,9.959727919350192,0.05,0.09,0.14,30.97,0.0,0.0,0.32,0.32
749,13.273014208809611,17.3083120495107,0.09,0.14,30.97,0.0,0.0,0.32,0.32
750,3.165488488738525,0.05,11.674052863095593,0.14,30.97,0.0,0.0,0.32,0.32
751,3.929560550947889,0.05,0.09,0.14,30.97,0.0,0.0,0.32,0.32
752,9.584948682496842,0.05,0.09,0.14,30.97,0.0,0.0,0.32,0.32
753,16.323495025869107,0.05,0.09,0.14,30.97,0.0,0.0,0.32,0.32
754,9.335619479651006,19.582654547657498,0.09,0.14,30.97,0.12560037382090833,0.0,0.32,0.32
755,12.23558116113274,0.05,0.09,0.14,30.97,0.0,0.0,0.32,0.32
756,12.154959319298982,0.05,0.09,0.14,30.97,0.0,0.0,0.32,0.32
757,1.8500341788192058,0.05,0.09,0.14,30.97,0.0,0.0,0.32,0.32
758,1.4485998182394053,0.05,0.09,0.14,30.97,0.0,0.0,0.32,0.32
759,2.0546071162913018,0.05,0.09,0.14,30.97,0.0,0.0,0.32,0.32
760,6.728814055948626,0.05,0.09,0.14,0.5942206219139905,0.0,0.0,0.32,1.7121553349131453
761,6.087758711413752,0.05,0.09,0.14,30.97,0.0,0.0,0.32,0.32
762,14.396984380310005,0.05,0.09,0.14,30.97,0.0,0.0,0.32,0.32
763,8.871785529350152,0.05,0.09,0.14,30.97,0.0,0.0,0.32,0.32
764,3.7489615828688847,0.05,0.09,0.14,30.97,0.0,0.0,0.32,0.32
765,10.551445778922927,0.05,0.09,0.14,30.97,0.0,0.0,0.32,0.32
766,10.030895696904084,0.05,0.09,0.14,30.97,0.0,0.0,60.28205785784542,0.32
767,17.83096629427088,0.05,0.09,0.14,30.97,0.0,0.0,0.32,0.32
768,14.509619050116669,0.05,0.09,0.14,30.97,0.0,0.0,0.32,0.32
769,4.16585195245204,0.05,0.09,0.14,1.074553767567915,0.0,0.0,0.32,0.32
770,4.318908365049307,0.05,0.09,0.14,30.97,0.0,0.0,0.32,0.32
771,6.152281960698573,0.05,0.09,0.14,30.97,0.0,0.0,0.32,0.32
772,6.796514693928337,0.05,0.09,0.14,30.97,0.0,0.0,158.12236060047567,0.32
773,0.32055936206957286,0.05,0.09,0.14,30.97,-0.1868120052437778,0.0,0.32,0.32
774,5.27263637151353,0.05,0.09,0.14,30.97,0.0,0.0,0.32,0.32
775,14.983454654866332,0.05,0.09,0.14,30.97,0.0,0.0,0.32,0.32
776,16.25902947129837,0.05,0.09,0.14,30.97,0.0,0.0,106.22797908347208,0.32
777,13.663346616612353,0.05,0.09,0.14,30.97,0.0,0.0,0.32,0.32
778,2.1365646797219098,0.05,0.09,0.14,30.97,0.0,0.0,0.32,0.32
779,4.345299776112567,6.103529254130174,0.09,0.14,30.97,0.0,0.0,0.32,0.32
780,7.371188112737594,0.05,0.09,0.14,0.3708416760014156,0.0,0.0,0.32,0.32
781,0.6334303497645616,0.05,0.09,0.14,30.97,0.0,0.0,0.32,0.32
782,12.930528424784132,17.495626093337698,0.09,0.14,30.97,0.0,0.0,0.32,0.15631187381103107
783,10.817550301127248,0.05,0.09,0.14,30.97,0.0,0.0,0.32,0.32
784,9.29126341614239,0.05,0.09,0.14,30.97,0.0,0.0,0.32,0.32
785,0.7070813292515672,17.58909931303479,0.09,0.14,30.97,0.0,0.0,0.32,0.32
786,9.682243427784734,0.05,0.09,0.14,30.97,0.26974395437949616,0.0,0.32,0.32
787,0.9284031106943769,0.05,0.09,0.14,30.97,0.0,0.0,0.32,0.32
788,1.4243574753133994,0.05,0.09,16.60181031309685,30.97,0.0,0.0,0.32,0.32
789,12.028693727925132,0.05,0.09,0.14,30.97,0.0,0.0,0.32,0.32
790,9.884142590675724,0.05,0.09,0.14,30.97,0.0,-0.7013941405957205,0.32,0.32
791,9.336913776678625,0.05,0.09,0.14,0.7518533605386063,0.0,0.0,0.32,0.32
792,4.6284724252699085,0.05,10.20335015180114,0.14,30.97,0.0,0.0,0.32,0.32
793,14.570495403822324,0.05,0.09,0.14,30.97,0.0,0.0,0.32,0.32
794,12.296113998678294,0.05,0.09,0.14,30.97,0.0,0.0,0.32,0.32
795,14.810531263790454,0.05,0.09,0.14,30.97,0.0,0.0,0.32,0.32
796,3.0239801659291676,0.05,19.29210989794177,0.14,30.97,0.0,0.0,0.32,0.32
797,1.042773435852255,16.952926779704516,0.09,0.14,30.97,0.0,-2.5392592626939674,0.32,0.32
798,5.931124644324335,0.05,0.09,0.14,30.97,0.0,0.0,0.32,0.32
799,1.6115745645732393,0.05,0.09,0.14,30.97,0.0,0.0,0.32,0.32
800,13.189441383379302,0.05,0.09,0.14,30.97,0.0,0.0,0.32,0.32
801,0.24703962503523488,0.05,0.09,0.14,30.97,0.0,0.0,0.32,0.32
802,0.1809643776556622,0.05,0.09,0.14,30.97,0.0,0.0,0.32,0.32
803,1.2364992768284022,0.05,0.09,0.14,30.97,0.0,0.0,0.32,0.32
804,1.3946219102720385,16.466718267082737,0.09,0.14,30.97,0.0,0.0,0.32,0.32
805,14.394025173567648,0.05,0.09,0.14,30.97,0.0,0.0,0.32,0.32
806,0.6384757098613616,0.05,0.09,0.14,30.97,0.0,0.0,0.32,0.32
807,9.442214218518938,0.05,0.09,0.14,30.97,0.0,0.0,0.32,0.32
808,0.7299868919885634,0.05,0.09,0.14,30.97,0.0,0.0,43.88716391120983,0.32
809,15.857126095951303,0.05,0.09,0.14,30.97,0.0,0.0,0.32,0.32
810,9.81767051153884,0.05,0.09,0.14,30.97,0.0,0.0,0.32,0.32
811,17.374018336688447,0.05,0.09,0.14,30.97,0.0,0.0,0.32,0.32
812,12.563425665165145,0.05,0.09,0.14,30.97,-0.18663052837122945,0.0,0.32,0.32
813,1.9043977706316222,0.05,0.09,0.14,30.97,0.0,0.0,0.32,0.32
814,6.823846675927703,0.05,0.09,0.14,30.97,0.0,0.0,0.32,0.32
815,10.709600338059616,0.05,0.09,0.14,30.97,0.0,0.0,0.32,0.32
816,17.22644883427617,0.05,0.09,0.14,30.97,0.0,0.0,0.32,0.32
817,16.347148951882648,0.05,0.09,0.14,30.97,0.0,0.0,0.32,0.32
818,13.495748101387727,0.05,0.09,0.14,30.97,0.0,0.0,0.32,0.32
819,13.702464069692493,0.05,0.09,0.14,30.97,0.0,0.0,0.32,0.32
820,17.454878014846106,0.05,0.09,0.14,30.97,0.0,-2.6044106253218713,0.32,0.32
821,5.1311123131935155,0.05,0.09,0.14,30.97,0.0,0.0,0.32,0.32
822,6.080318661503335,0.05,0.09,0.14,30.97,0.0,0.0,0.32,0.32
823,7.708028761666775,0.05,0.09,0.14,30.97,0.0,0.0,0.32,0.6866606111231538
824,17.532529220674057,0.05,19.927671076823863,0.14,30.97,0.0,0.0,0.32,0.32
825,11.882763554469237,0.05,0.09,0.14,30.97,0.0,0.0,0.32,0.32
826,4.007114718222055,0.05,0.09,0.14,30.97,0.0,0.0,0.32,0.32
827,12.730107652147291,0.05,0.09,0.14,30.97,0.0,0.0,0.32,0.32
828,6.735752769255734,14.720453731444335,0.09,0.14,30.97,0.0,0.0,0.32,0.32
829,15.21829211502082,0.05,0.09,0.14,30.97,0.0,0.0,0.32,0.32
830,5.849615227595377,0.05,0.09,0.14,30.97,0.0,0.0,0.32,2.1308916807808247
831,9.775094047116736,0.05,0.09,0.14,30.97,0.0,0.0,0.32,0.32
832,15.841857940064896,0.05,0.09,0.14,30.97,0.0,0.0,0.32,0.32
833,0.4342797321750987,0.05,0.09,0.14,30.97,0.0,0.0,0.32,0.32
834,16.342268698231404,0.05,0.09,0.14,30.97,-0.10446127519327197,0.0,0.32,0.32
835,11.275333493948867,0.05,0.09,0.14,30.97,0.0,0.0,0.32,0.32
836,7.588046669785097,0.05,12.795260239551904,0.14,30.97,0.0,0.0,0.32,0.32
837,17.537687231629988,0.05,0.09,0.14,30.97,0.0,0.0,0.32,0.32
838,0.9228063534932626,0.05,0.09,0.14,30.97,0.0,0.0,0.32,0.32
839,1.5552425258132088,0.05,0.09,0.14,30.97,0.0,0.0,0.32,0.32
840,9.622764000256383,0.05,0.09,0.14,30.97,0.0,0.0,0.32,0.32
841,17.873725617560023,0.05,0.09,0.14,30.97,0.0,0.0,0.32,0.32
842,16.494458638348892,0.05,0.09,0.14,30.97,0.0,0.0,0.32,0.32
843,6.538836004387822,9.8210228286128,0.09,0.14,30.97,0.0,0.0,0.32,0.32
844,0.2270630546310149,0.05,0.09,0.14,30.97,0.0,0.0,0.32,0.32
845,12.087421447437318,0.05,0.09,0.14,30.97,0.0,0.0,0.32,0.32
846,2.127185898727459,0.05,0.09,0.14,30.97,0.0,0.0,0.32,2.047227747073039
847,11.311676552531186,0.05,0.09,0.14,30.97,0.0,0.0,0.32,0.32
848,1.6476209620559459,0.05,0.09,0.14,30.97,0.0,0.0,0.32,0.32
849,3.093092534334152,0.05,0.09,0.14,30.97,0.0,0.0,0.32,0.32
850,9.45396257607739,0.05,0.09,0.14,30.97,0.0,0.0,0.32,0.32
851,15.725551743715663,0.05,0.09,0.14,30.97,0.0,0.0,0.32,0.32
852,6.7512808834708204,0.05,0.09,0.14,30.97,-0.14350996414503575,0.0,0.32,2.16260822554399
853,3.6496364601244276,0.05,20.572097566502443,0.14,30.97,0.10433493423885981,0.0,0.32,0.32
854,4.094668470077702,0.05,0.09,0.14,0.018683398479534114,0.0,0.0,0.32,0.32
855,15.118030507797837,0.05,0.09,0.14,30.97,0.0,0.0,0.32,0.32
856,1.9701617391075827,0.05,0.09,0.14,30.97,0.0,0.0,0.32,0.32
857,3.4399057331337257,0.05,0.09,0.14,30.97,0.0,0.0,0.32,0.32
858,10.33551146169868,0.05,0.09,0.14,30.97,0.0,0.0,0.32,0.32
859,15.529197479846834,0.05,0.09,0.14,30.97,0.0,0.0,0.32,0.32
860,5.366277301315829,0.05,0.09,0.14,30.97,0.0,0.0,0.32,0.32
861,16.954470490411435,0.05,0.09,0.14,30.97,0.0,0.0,0.32,0.32
862,16.382363818077682,0.05,0.09,0.14,1.8156366734296578,0.0,0.0,0.32,0.32
863,14.714969267246337,0.05,0.09,0.14,30.97,0.0,0.0,0.32,0.32
864,9.943379612822348,0.05,0.09,0.14,30.97,0.0,0.0,0.32,0.32
865,11.841031460909226,0.05,0.09,0.14,30.97,0.0,0.5731001333234982,0.32,0.32
866,0.12509182630131288,0.05,0.09,0.14,30.97,0.0,0.0,0.32,0.32
867,1.7286393846810426,0.05,0.09,0.14,30.97,0.0,0.0,0.32,0.32
868,8.919859666656366,0.05,0.09,0.14,30.97,0.0,0.0,0.32,0.32
869,11.267825438096109,0.05,0.09,0.14,2.068990953115518,0.0,0.0,0.32,0.32
870,8.349137023625746,8.727359725467927,0.09,0.14,30.97,0.0,0.0,122.03958832113605,0.32
871,7.04596573372064,0.05,0.09,0.14,30.97,0.0,0.0,0.32,0.32
872,16.09036538519234,0.05,0.09,0.14,30.97,-0.12760488496524336,0.0,0.32,0.32
873,6.065645081978702,0.05,0.09,0.14,30.97,0.0,0.0,0.32,0.32
874,7.6069346562564135,0.05,0.09,0.14,30.97,0.0,0.0,0.32,0.32
875,17.684612495431,0.05,0.09,0.14,30.97,-0.18632197393188185,0.0,0.32,0.32
876,10.997102913892807,0.05,0.09,0.14,30.97,0.0,0.0,0.32,0.32
877,17.42393721842735,0.05,0.09,0.14,30.97,0.0,0.0,0.32,0.32
878,5.463462191296313,0.05,0.09,0.14,30.97,0.0,0.0,0.32,1.7893057920271118
879,2.267782625984043,0.05,0.09,0.14,30.97,0.0,0.0,0.32,0.32
880,16.293869862183044,0.05,0.09,0.14,30.97,0.0,0.0,0.32,0.32
881,3.270883406019577,0.05,0.09,0.14,30.97,0.0,0.0,0.32,0.32
882,9.647148454393905,0.05,14.353692604795864,0.14,30.97,0.0,0.0,0.32,0.32
883,6.427479641940039,0.05,0.09,0.14,30.97,0.0,0.0,0.32,0.32
884,15.909822578317106,0.05,0.09,0.14,30.97,0.0,0.0,0.32,0.32
885,10.151377794297293,0.05,0.09,0.14,2.16168782047728,0.0,0.0,110.80948752548406,0.32
886,1.6137430092824387,0.05,0.09,0.14,30.97,0.0,0.0,0.32,0.32
887,12.037197227545091,0.05,0.09,0.14,30.97,0.0,0.0,0.32,1.7154681845452873
888,16.24994890109019,0.05,0.09,0.14,30.97,0.0,0.0,0.32,0.32
889,2.309181897850448,0.05,0.09,0.14,30.97,0.0,-0.6090706699658455,0.32,0.32
890,1.8898360548234157,0.05,0.09,0.14,30.97,0.0,0.0,0.32,0.32
891,4.677166180653855,0.05,20.74565641450541,0.14,30.97,0.0,0.0,0.32,0.32
892,12.222351245949977,0.05,0.09,0.14,30.97,0.0,0.0,0.32,0.32
893,17.649620705514735,0.05,0.09,0.14,30.97,0.0,0.0,188.88666836252142,0.32
894,6.44387699661897,14.401227871557268,0.09,0.14,0.2940894630171428,0.0,0.0,0.32,0.32
895,9.055272951012135,0.05,0.09,0.14,30.97,0.0,0.0,0.32,0.32
896,3.774520496604093,0.05,0.09,0.14,30.97,0.0,0.0,179.13774206512207,0.32
897,5.2394263377586165,0.05,0.09,0.14,30.97,0.0,0.0,0.32,0.32
898,4.542495176129944,0.05,0.09,0.14,30.97,0.0,0.34395021518583757,0.32,0.32
899,15.618518823398071,0.05,0.09,0.14,30.97,0.0,0.0,0.32,0.32
900,14.602406624215739,0.05,0.09,0.14,30.97,0.0,0.0,0.32,1.6472327774322004
901,10.684685867509302,0.05,0.09,0.14,30.97,0.0,0.0,0.32,0.32
902,0.010222248374174452,0.05,0.09,0.14,30.97,0.0,0.0,0.32,1.174619055889512
903,16.235949698314275,0.05,0.09,0.14,30.97,-0.015171071106926476,0.0,0.32,0.32
904,5.7922691088026905,0.05,0.09,0.14,30.97,0.0,0.0,0.32,0.32
905,6.776659018170378,0.05,18.742228303341278,0.14,30.97,0.0,0.0,0.32,0.32
906,10.357674881201927,0.05,0.09,21.359908307172798,30.97,0.0,0.0,0.32,0.32
907,12.432621283422348,0.05,0.09,0.14,30.97,0.0,0.0,0.32,0.32
908,5.486972624766909,0.05,0.09,0.14,30.97,0.0,-0.36487906247605073,0.32,0.32
909,4.428701467589784,0.05,0.09,0.14,30.97,0.0,0.0,0.32,0.32
910,2.4192742136124847,0.05,0.09,0.14,30.97,0.0,0.0,0.32,0.32
911,3.135126523330687,0.05,0.09,0.14,30.97,0.07670896961931584,0.0,0.32,0.32
912,7.3117221137211965,0.05,0.09,0.14,30.97,0.0,0.0,0.32,0.32
913,9.377103523858693,0.05,19.224362369573605,0.14,30.97,0.0,0.0,0.32,0.32
914,4.355038057281608,0.05,0.09,20.770324743827977,30.97,0.0,0.0,0.32,0.32
915,13.905453422283456,0.05,0.09,0.14,30.97,0.0,0.0,0.32,0.32
916,7.40051476826681,0.05,0.09,0.14,30.97,0.0,-2.0572107675038778,0.32,0.32
917,0.6341031294576008,0.05,0.09,0.14,30.97,0.0,0.04974009871574525,0.32,0.32
918,9.069343553660842,0.05,0.09,0.14,30.97,0.0,0.0,0.32,0.32
919,9.11072591923087,0.05,0.09,0.14,30.97,0.0,0.0,0.32,0.32
920,15.171796584928144,0.05,0.09,0.14,30.97,0.0,0.0,0.32,0.32
921,4.38309552120717,0.05,0.09,0.14,30.97,0.0,0.0,0.32,0.32
922,14.01789167171973,0.05,0.09,0.14,30.97,0.0,0.0,141.6037070552141,0.9729566824517902
923,5.383444650183284,0.05,0.09,0.14,30.97,0.0,0.0,0.32,0.32
924,2.885461981527035,0.05,0.09,0.14,30.97,0.0,0.0,0.32,1.5899499546763785
925,5.786481249672499,0.05,0.09,0.14,30.97,0.0,0.0,7.096620163258236,0.32
926,7.338348531231076,0.05,0.09,0.14,30.97,0.0,0.0,0.32,0.32
927,10.840341461861176,0.05,0.09,0.14,30.97,0.0,0.0,0.32,0.32
928,0.4949171887802572,0.05,0.09,0.14,30.97,0.0,0.0,0.32,0.32
929,2.0391839121276063,0.05,0.09,0.14,30.97,0.0,0.0,0.32,0.32
930,17.87008248023331,0.05,0.09,0.14,30.97,0.0,0.0,0.32,0.32
931,14.576089312238702,0.05,0.09,0.14,30.97,0.0,0.0,0.32,0.32
932,1.90073205865915,0.05,0.09,0.14,30.97,0.0,0.0,0.32,0.32
933,3.0291837611765997,0.05,0.09,21.56946771339979,30.97,0.0,0.0,0.32,0.32
934,4.188528019565192,0.05,0.09,18.816087005919893,30.97,0.0,0.0,0.32,0.32
935,1.5142750532527796,0.05,8.021590918508695,0.14,1.2944800150395106,0.0,0.0,0.32,0.32
936,12.281396266034296,16.24431117408743,0.09,0.14,30.97,0.0,0.0,0.32,0.32
937,5.4072219765101055,0.05,0.09,0.14,30.97,0.0,0.0,0.32,0.32
938,7.68162086076935,0.05,0.09,0.14,30.97,0.0,0.0,0.32,0.32
939,12.211363275370465,0.05,0.09,0.14,30.97,0.0,-1.9867091574645075,0.32,0.32
940,14.10132273894955,0.05,0.09,0.14,30.97,0.0,0.0,0.32,0.32
941,6.742555012669276,0.05,0.09,0.14,30.97,0.0,0.0,0.32,0.32
942,13.88724628025375,0.05,0.09,0.14,0.41316689554916713,0.0,0.0,0.32,0.32
943,9.886000346532816,0.05,0.09,0.14,30.97,0.0,0.0,0.32,0.32
944,15.798562530424785,0.05,0.09,0.14,30.97,0.0,0.0,0.32,0.32
945,2.7743314984801466,0.05,0.09,0.14,30.97,0.0,0.0,0.32,0.32
946,6.865441621115645,0.05,0.09,0.14,30.97,0.0,-1.4845118864889735,0.32,0.32
947,0.8904697529428758,19.384465649272844,0.09,0.14,30.97,0.0,0.0,0.32,0.32
948,1.6900517849900691,0.05,0.09,0.14,30.97,0.0,0.0,0.32,0.32
949,15.912085754358394,0.05,0.09,0.14,30.97,0.0,0.0,0.32,0.32
950,9.314695235105694,0.05,0.09,0.14,30.97,0.0,0.0,0.32,0.32
951,17.00149040986652,0.05,0.09,0.14,30.97,0.0,0.0,0.32,0.32
952,8.701517164084883,0.05,0.09,0.14,30.97,0.0,0.0,0.32,0.32
953,4.104091723406394,0.05,0.09,0.14,30.97,0.0,0.0,0.32,0.32
954,3.9192405411874,0.05,0.09,0.14,30.97,0.0,0.0,0.32,0.32
955,3.8562971929800187,0.05,0.09,0.14,30.97,0.0,0.0,0.32,0.32
956,11.0210827927417,0.05,0.09,0.14,30.97,0.0,0.0,0.32,0.32
957,8.524498770577319,0.05,0.09,0.14,30.97,0.0,0.0,0.32,0.32
958,9.124586626205742,0.05,0.09,0.14,30.97,-0.1533227981996173,0.0,0.32,0.32
959,3.981366435012199,0.05,0.09,0.14,30.97,0.0,0.0,0.32,0.32
960,3.2758097500127468,0.05,0.09,0.14,2.0991635978820753,0.0,0.0,0.32,0.32
961,10.483693189252639,0.05,0.09,0.14,30.97,0.0,0.0,0.32,0.32
962,17.748391439876617,0.05,0.09,0.14,30.97,0.0,0.0,0.32,0.32
963,3.952366091032301,0.05,0.09,0.14,30.97,0.0,0.0,0.32,0.32
964,9.338314898670442,0.05,0.09,0.14,30.97,0.0,0.0,0.32,0.32
965,15.081526315842948,0.05,0.09,0.14,30.97,0.0,0.0,0.32,0.32
966,15.836022336673658,0.05,0.09,0.14,30.97,-0.0856061681399469,0.0,197.82759000834153,0.32
967,12.397415120231619,0.05,0.09,0.14,30.97,0.0,0.0,0.32,0.32
968,11.04997067199499,0.05,0.09,0.14,30.97,0.0,0.0,0.32,0.32
969,1.1162895140245346,0.05,0.09,0.14,30.97,0.0,0.0,0.32,2.382409787920459
970,6.287456492580334,0.05,0.09,0.14,30.97,0.0,0.0,0.32,0.32
971,10.614632399077705,0.05,0.09,0.14,30.97,0.0,0.0,0.32,0.32
972,0.5217229012233296,0.05,0.09,0.14,30.97,0.0,0.0,0.32,0.32
973,1.421968919257218,0.05,0.09,17.929118975568617,30.97,0.0,0.0,0.32,0.32
974,11.724962563693103,0.05,0.09,0.14,30.97,0.0,0.0,0.32,0.32
975,14.420992796894964,0.05,0.09,0.14,30.97,0.0,0.0,0.32,0.32
976,8.217370888318333,0.05,0.09,0.14,30.97,0.0,0.0,0.32,0.32
977,14.759612791320032,0.05,0.09,0.14,30.97,0.0,0.0,0.32,0.32
978,0.17495087433624856,0.05,0.09,0.14,30.97,0.0,0.15287529216081364,0.32,0.32
979,7.9843363276202135,0.05,0.09,0.14,30.97,0.0,0.0,0.32,0.32
980,15.871441615852827,0.05,0.09,0.14,30.97,0.0,0.0,0.32,0.32
981,3.5714167232660428,0.05,0.09,0.14,30.97,0.0,0.0,0.32,0.32
982,13.208450444311794,0.05,0.09,0.14,30.97,0.0,0.0,0.32,0.32
983,0.4561098638545245,0.05,0.09,21.018330747092662,30.97,0.0,0.0,0.32,0.32
984,1.7315302859014823,0.05,0.09,0.14,30.97,0.0,0.0,0.32,0.32
985,8.10062376592344,0.05,0.09,0.14,0.24921286429986625,0.0,0.0,0.32,0.32
986,6.203497068773046,0.05,0.09,21.632531384951434,30.97,0.0,0.0,0.32,0.32
987,15.177017814374983,0.05,0.09,21.5057248567207,30.97,0.0,0.0,0.32,0.32
988,8.572127216706281,14.564226252623936,18.509862082379197,0.14,30.97,0.0,0.0,0.32,0.32
989,3.7512535290389253,0.05,0.09,0.14,30.97,0.0,0.0,0.32,0.32
990,4.847077450436134,0.05,0.09,0.14,30.97,0.0,0.0,0.32,0.32
991,11.558632865571102,0.05,0.09,0.14,30.97,0.0,1.3023825997735772,0.32,0.32
992,6.2709613178547885,0.05,0.09,0.14,30.97,0.0,0.0,0.32,0.32
993,16.009250407758646,18.075415384955065,0.09,0.14,30.97,0.0,0.0,0.32,0.32
994,5.561265146729725,0.05,0.09,0.14,30.97,0.0,0.0,0.32,0.32
995,13.85476644016788,0.05,0.09,0.14,30.97,0.0,0.0,0.32,0.32
996,14.00372675669564,0.05,0.09,0.14,30.97,0.0,0.0,0.32,0.32
997,14.082442379653724,0.05,0.09,0.14,30.97,0.0,0.0,0.32,0.32
998,2.077219711715042,0.05,0.09,0.14,30.97,0.0,0.0,0.32,0.32
999,14.358133384447125,0.05,0.09,0.14,30.97,0.0,0.4590255344678593,0.32,0.32
1000,15.900324982932576,0.05,0.09,21.58567968855472,30.97,0.0,0.0,0.32,0.32
