,id,Name,Sequence ID,Province name,Class_label,Start time,End time,Duration,Temporal context start,Temporal context end,Actual temporal context duration,Week6_Covid,Week5_Covid,Week4_Covid,Week3_Covid,Week2_Covid,Week1_Covid,Week6_Mobility,Week5_Mobility,Week4_Mobility,Week3_Mobility,Week2_Mobility,Week1_Mobility,Week5_Covid_encoded,Week3_Covid_encoded,Covid_trend,Days_passed
1,01_c1_12_20/04/2020_12/07/2020,,1,Araba/ lava,c1,20/04/2020,12/7/2020,84,9/3/2020,20/04/2020,42,c4,c4,c4,c3,c3,c2,m4,m1,m1,m1,m1,m1,4,3,D,63.0
3,01_c2_1_13/04/2020..19/04/2020,,1,Araba/ lava,c2,13/04/2020,19/04/2020,7,2/3/2020,13/04/2020,42,c3,c4,c4,c4,c3,c3,m4,m4,m1,m1,m1,m1,4,4,S,56.0
4,01_c2_2_13/07/2020_26/07/2020,,1,Araba/ lava,c2,13/07/2020,26/07/2020,14,1/6/2020,13/07/2020,42,c1,c1,c1,c1,c1,c1,m3,m3,m3,m3,m3,m3,1,1,S,147.0
6,01_c3_2_30/03/2020_12/04/2020,,1,Araba/ lava,c3,30/03/2020,12/4/2020,14,17/02/2020,30/03/2020,42,c1,c2,c3,c4,c4,c4,m4,m4,m4,m4,m1,m1,2,4,I,42.0
7,01_c3_2_27/07/2020_09/08/2020,,1,Araba/ lava,c3,27/07/2020,9/8/2020,14,15/06/2020,27/07/2020,42,c1,c1,c1,c1,c2,c2,m3,m3,m3,m3,m3,m3,1,1,S,161.0
8,01_c3_6_31/08/2020_11/10/2020,,1,Araba/ lava,c3,31/08/2020,11/10/2020,42,20/07/2020,31/08/2020,42,c2,c3,c3,c4,c4,c4,m3,m3,m2,m1,m1,m2,3,4,I,196.0
9,01_c3_7_23/11/2020_10/01/2021,,1,Araba/ lava,c3,23/11/2020,10/1/2021,49,12/10/2020,23/11/2020,42,c4,c4,c4,c4,c4,c4,m3,m3,m3,m3,m3,m3,4,4,S,280.0
10,01_c3_7_08/02/2021_28/03/2021,,1,Araba/ lava,c3,8/2/2021,28/03/2021,49,28/12/2020,8/2/2021,42,c3,c3,c4,c4,c4,c4,m2,m2,m3,m3,m3,m3,3,4,I,357.0
11,01_c3_2_26/04/2021_09/05/2021,,1,Araba/ lava,c3,26/04/2021,9/5/2021,14,15/03/2021,26/04/2021,42,c3,c3,c4,c4,c4,c4,m3,m3,m3,m3,m3,m3,3,4,I,434.0
13,01_c4_3_10/08/2020_30/08/2020,,1,Araba/ lava,c4,10/8/2020,30/08/2020,21,29/06/2020,10/8/2020,42,c1,c1,c2,c2,c3,c3,m3,m3,m3,m3,m3,m2,1,2,I,175.0
14,01_c4_6_12/10/2020_22/11/2020,,1,Araba/ lava,c4,12/10/2020,22/11/2020,42,31/08/2020,12/10/2020,42,c3,c3,c3,c3,c3,c3,m3,m3,m3,m3,m3,m3,3,3,S,238.0
15,01_c4_4_11/01/2021_07/02/2021,,1,Araba/ lava,c4,11/1/2021,7/2/2021,28,30/11/2020,11/1/2021,42,c3,c3,c3,c3,c3,c3,m3,m2,m3,m2,m2,m2,3,3,S,329.0
16,01_c4_4_29/03/2021_25/04/2021,,1,Araba/ lava,c4,29/03/2021,25/04/2021,28,15/02/2021,29/03/2021,42,c3,c3,c3,c3,c3,c3,m3,m3,m3,m3,m3,m3,3,3,S,406.0
18,02_c1_13_27/04/2020_26/07/2020,,2,Albacete,c1,27/04/2020,26/07/2020,91,16/03/2020,27/04/2020,42,c3,c3,c3,c3,c2,c2,m1,m1,m1,m1,m1,m1,3,3,S,70.0
19,02_c1_2_15/03/2021_28/03/2021,,2,Albacete,c1,15/03/2021,28/03/2021,14,1/2/2021,15/03/2021,42,c3,c3,c2,c2,c2,c2,m3,m3,m3,m3,m3,m4,3,2,D,392.0
21,02_c2_2_13/04/2020_26/04/2020,,2,Albacete,c2,13/04/2020,26/04/2020,14,2/3/2020,13/04/2020,42,c2,c3,c3,c3,c3,c3,m4,m4,m1,m1,m1,m1,3,3,S,56.0
22,02_c2_2_27/07/2020_09/08/2020,,2,Albacete,c2,27/07/2020,9/8/2020,14,15/06/2020,27/07/2020,42,c1,c1,c1,c1,c1,c1,m3,m3,m3,m3,m3,m3,1,1,S,161.0
23,02_c2_4_15/02/2021_14/03/2021,,2,Albacete,c2,15/02/2021,14/03/2021,28,4/1/2021,15/02/2021,42,c4,c4,c4,c4,c3,c3,m2,m2,m2,m3,m3,m3,4,4,S,364.0
24,02_c2_6_29/03/2021_09/05/2021,,2,Albacete,c2,29/03/2021,9/5/2021,42,15/02/2021,29/03/2021,42,c2,c2,c2,c2,c1,c1,m3,m3,m3,m4,m4,m3,2,2,S,406.0
26,02_c3_10_10/08/2020_18/10/2020,,2,Albacete,c3,10/8/2020,18/10/2020,70,29/06/2020,10/8/2020,42,c1,c1,c1,c1,c2,c2,m3,m3,m3,m3,m3,m3,1,1,S,175.0
27,02_c3_4_16/11/2020_13/12/2020,,2,Albacete,c3,16/11/2020,13/12/2020,28,5/10/2020,16/11/2020,42,c3,c3,c4,c4,c4,c4,m4,m3,m3,m3,m3,m3,3,4,I,273.0
28,02_c3_2_01/02/2021_14/02/2021,,2,Albacete,c3,1/2/2021,14/02/2021,14,21/12/2020,1/2/2021,42,c4,c4,c4,c4,c4,c4,m3,m2,m2,m2,m2,m3,4,4,S,350.0
29,02_c4_4_19/10/2020_15/11/2020,,2,Albacete,c4,19/10/2020,15/11/2020,28,7/9/2020,19/10/2020,42,c3,c3,c3,c3,c3,c3,m3,m4,m4,m3,m4,m3,3,3,S,245.0
30,02_c4_7_14/12/2020_31/01/2021,,2,Albacete,c4,14/12/2020,31/01/2021,49,2/11/2020,14/12/2020,42,c4,c4,c3,c3,c3,c3,m3,m3,m4,m3,m3,m3,4,3,D,301.0
32,03_c1_15_06/04/2020_19/07/2020,,3,Alacant/Alicante,c1,6/4/2020,19/07/2020,105,24/02/2020,6/4/2020,42,c1,c1,c2,c2,c2,c2,m4,m4,m4,m1,m1,m1,1,2,I,49.0
34,03_c2_4_20/07/2020_16/08/2020,,3,Alacant/Alicante,c2,20/07/2020,16/08/2020,28,8/6/2020,20/07/2020,42,c1,c1,c1,c1,c1,c1,m3,m3,m3,m4,m4,m4,1,1,S,154.0
35,03_c2_11_22/02/2021_09/05/2021,,3,Alacant/Alicante,c2,22/02/2021,9/5/2021,77,11/1/2021,22/02/2021,42,c4,c4,c4,c4,c3,c3,m3,m2,m2,m2,m3,m3,4,4,S,371.0
36,03_c3_9_17/08/2020_18/10/2020,,3,Alacant/Alicante,c3,17/08/2020,18/10/2020,63,6/7/2020,17/08/2020,42,c1,c1,c2,c2,c2,c2,m4,m4,m4,m4,m4,m4,1,2,I,182.0
37,03_c3_4_16/11/2020_13/12/2020,,3,Alacant/Alicante,c3,16/11/2020,13/12/2020,28,5/10/2020,16/11/2020,42,c3,c3,c4,c4,c4,c4,m3,m3,m3,m3,m3,m3,3,4,I,273.0
38,03_c3_2_08/02/2021_21/02/2021,,3,Alacant/Alicante,c3,8/2/2021,21/02/2021,14,28/12/2020,8/2/2021,42,c4,c4,c4,c4,c4,c4,m2,m2,m3,m2,m2,m2,4,4,S,357.0
39,03_c4_4_19/10/2020_15/11/2020,,3,Alacant/Alicante,c4,19/10/2020,15/11/2020,28,7/9/2020,19/10/2020,42,c3,c3,c3,c3,c3,c3,m4,m4,m4,m3,m3,m3,3,3,S,245.0
40,03_c4_8_14/12/2020_07/02/2021,,3,Alacant/Alicante,c4,14/12/2020,7/2/2021,56,2/11/2020,14/12/2020,42,c4,c4,c3,c3,c3,c3,m3,m3,m3,m3,m3,m3,4,3,D,301.0
42,04_c1_15_30/03/2020_12/07/2020,,4,Almer a,c1,30/03/2020,12/7/2020,105,17/02/2020,30/03/2020,42,c1,c1,c1,c1,c2,c2,m4,m4,m4,m4,m1,m1,1,1,S,42.0
44,04_c2_2_13/07/2020_26/07/2020,,4,Almer a,c2,13/07/2020,26/07/2020,14,1/6/2020,13/07/2020,42,c1,c1,c1,c1,c1,c1,m3,m3,m3,m4,m4,m4,1,1,S,147.0
45,04_c3_13_27/07/2020_25/10/2020,,4,Almer a,c3,27/07/2020,25/10/2020,91,15/06/2020,27/07/2020,42,c1,c1,c1,c1,c2,c2,m3,m4,m4,m4,m4,m4,1,1,S,161.0
46,04_c3_6_23/11/2020_03/01/2021,,4,Almer a,c3,23/11/2020,3/1/2021,42,12/10/2020,23/11/2020,42,c3,c3,c4,c4,c4,c4,m3,m4,m4,m3,m3,m3,3,4,I,280.0
47,04_c3_12_15/02/2021_09/05/2021,,4,Almer a,c3,15/02/2021,9/5/2021,84,4/1/2021,15/02/2021,42,c4,c4,c4,c4,c4,c4,m3,m3,m3,m3,m3,m3,4,4,S,364.0
48,04_c4_4_26/10/2020_22/11/2020,,4,Almer a,c4,26/10/2020,22/11/2020,28,14/09/2020,26/10/2020,42,c3,c3,c3,c3,c3,c3,m4,m4,m4,m4,m3,m4,3,3,S,252.0
49,04_c4_6_04/01/2021_14/02/2021,,4,Almer a,c4,4/1/2021,14/02/2021,42,23/11/2020,4/1/2021,42,c3,c3,c3,c3,c3,c3,m3,m3,m3,m4,m3,m2,3,3,S,322.0
51,05_c1_14_27/04/2020_02/08/2020,,5,vila,c1,27/04/2020,2/8/2020,98,16/03/2020,27/04/2020,42,c4,c4,c3,c3,c3,c2,m1,m1,m1,m1,m1,m1,4,3,D,70.0
52,05_c2_1_20/04/2020..26/04/2020,,5,vila,c2,20/04/2020,26/04/2020,7,9/3/2020,20/04/2020,42,c3,c4,c4,c3,c3,c3,m4,m1,m1,m1,m1,m1,4,3,D,63.0
53,05_c2_2_03/08/2020_16/08/2020,,5,vila,c2,3/8/2020,16/08/2020,14,22/06/2020,3/8/2020,42,c1,c1,c1,c1,c1,c1,m4,m4,m4,m4,m4,m4,1,1,S,168.0
54,05_c2_3_07/12/2020_27/12/2020,,5,vila,c2,7/12/2020,27/12/2020,21,26/10/2020,7/12/2020,42,c4,c4,c4,c3,c3,c3,m4,m3,m3,m4,m3,m3,4,3,D,294.0
55,05_c2_7_15/02/2021_04/04/2021,,5,vila,c2,15/02/2021,4/4/2021,49,4/1/2021,15/02/2021,42,c4,c4,c4,c4,c4,c3,m2,m2,m3,m3,m3,m3,4,4,S,364.0
56,05_c2_1_03/05/2021..09/05/2021,,5,vila,c2,3/5/2021,9/5/2021,7,22/03/2021,3/5/2021,42,c2,c2,c3,c3,c3,c3,m3,m3,m4,m4,m3,m4,2,3,I,441.0
58,05_c3_3_30/03/2020_19/04/2020,,5,vila,c3,30/03/2020,19/04/2020,21,17/02/2020,30/03/2020,42,c1,c1,c1,c3,c4,c4,m4,m4,m4,m4,m1,m1,1,3,I,42.0
59,05_c3_9_17/08/2020_18/10/2020,,5,vila,c3,17/08/2020,18/10/2020,63,6/7/2020,17/08/2020,42,c1,c1,c1,c1,c2,c2,m4,m4,m4,m4,m4,m4,1,1,S,182.0
60,05_c3_3_16/11/2020_06/12/2020,,5,vila,c3,16/11/2020,6/12/2020,21,5/10/2020,16/11/2020,42,c3,c3,c4,c4,c4,c4,m4,m3,m4,m4,m3,m3,3,4,I,273.0
61,05_c3_1_08/02/2021..14/02/2021,,5,vila,c3,8/2/2021,14/02/2021,7,28/12/2020,8/2/2021,42,c4,c4,c4,c4,c4,c4,m3,m2,m2,m3,m3,m3,4,4,S,357.0
62,05_c3_4_05/04/2021_02/05/2021,,5,vila,c3,5/4/2021,2/5/2021,28,22/02/2021,5/4/2021,42,c2,c2,c2,c2,c2,c2,m3,m3,m3,m3,m3,m3,2,2,S,413.0
64,05_c4_4_19/10/2020_15/11/2020,,5,vila,c4,19/10/2020,15/11/2020,28,7/9/2020,19/10/2020,42,c3,c3,c3,c3,c3,c3,m4,m4,m4,m4,m4,m3,3,3,S,245.0
65,05_c4_6_28/12/2020_07/02/2021,,5,vila,c4,28/12/2020,7/2/2021,42,16/11/2020,28/12/2020,42,c3,c3,c3,c2,c2,c2,m4,m3,m3,m2,m3,m3,3,2,D,315.0
67,06_c1_16_06/04/2020_26/07/2020,,6,Badajoz,c1,6/4/2020,26/07/2020,112,24/02/2020,6/4/2020,42,c1,c1,c2,c2,c2,c2,m4,m4,m4,m1,m1,m1,1,2,I,49.0
69,06_c2_4_27/07/2020_23/08/2020,,6,Badajoz,c2,27/07/2020,23/08/2020,28,15/06/2020,27/07/2020,42,c1,c1,c1,c1,c1,c1,m3,m3,m4,m3,m3,m3,1,1,S,161.0
70,06_c2_4_15/02/2021_14/03/2021,,6,Badajoz,c2,15/02/2021,14/03/2021,28,4/1/2021,15/02/2021,42,c4,c4,c4,c4,c3,c3,m2,m2,m2,m2,m2,m3,4,4,S,364.0
71,06_c2_1_22/03/2021..28/03/2021,,6,Badajoz,c2,22/03/2021,28/03/2021,7,8/2/2021,22/03/2021,42,c3,c2,c2,c2,c2,c3,m3,m3,m3,m4,m4,m3,2,2,S,399.0
72,06_c2_2_26/04/2021_09/05/2021,,6,Badajoz,c2,26/04/2021,9/5/2021,14,15/03/2021,26/04/2021,42,c3,c2,c3,c3,c3,c3,m3,m4,m3,m4,m4,m4,2,3,I,434.0
73,06_c3_8_24/08/2020_18/10/2020,,6,Badajoz,c3,24/08/2020,18/10/2020,56,13/07/2020,24/08/2020,42,c1,c1,c2,c2,c2,c2,m3,m3,m3,m3,m3,m3,1,2,I,189.0
74,06_c3_5_16/11/2020_20/12/2020,,6,Badajoz,c3,16/11/2020,20/12/2020,35,5/10/2020,16/11/2020,42,c3,c3,c4,c4,c4,c4,m4,m3,m3,m3,m3,m3,3,4,I,273.0
75,06_c3_2_01/02/2021_14/02/2021,,6,Badajoz,c3,1/2/2021,14/02/2021,14,21/12/2020,1/2/2021,42,c4,c4,c4,c4,c4,c4,m3,m2,m2,m2,m2,m2,4,4,S,350.0
76,06_c3_1_15/03/2021..21/03/2021,,6,Badajoz,c3,15/03/2021,21/03/2021,7,1/2/2021,15/03/2021,42,c3,c3,c2,c2,c2,c2,m2,m3,m3,m3,m4,m4,3,2,D,392.0
77,06_c3_4_29/03/2021_25/04/2021,,6,Badajoz,c3,29/03/2021,25/04/2021,28,15/02/2021,29/03/2021,42,c2,c2,c2,c2,c3,c2,m3,m3,m4,m4,m3,m4,2,2,S,406.0
78,06_c4_4_19/10/2020_15/11/2020,,6,Badajoz,c4,19/10/2020,15/11/2020,28,7/9/2020,19/10/2020,42,c3,c3,c3,c3,c3,c3,m3,m3,m3,m3,m4,m3,3,3,S,245.0
79,06_c4_6_21/12/2020_31/01/2021,,6,Badajoz,c4,21/12/2020,31/01/2021,42,9/11/2020,21/12/2020,42,c4,c3,c3,c3,c3,c3,m3,m4,m3,m4,m3,m4,3,3,S,308.0
89,08_c1_4_01/06/2020_28/06/2020,,8,Barcelona,c1,1/6/2020,28/06/2020,28,20/04/2020,1/6/2020,42,c2,c2,c2,c2,c2,c2,m1,m1,m1,m1,m1,m2,2,2,S,105.0
91,08_c2_6_20/04/2020_31/05/2020,,8,Barcelona,c2,20/04/2020,31/05/2020,42,9/3/2020,20/04/2020,42,c3,c3,c3,c3,c3,c3,m4,m1,m1,m1,m1,m1,3,3,S,63.0
92,08_c2_2_29/06/2020_12/07/2020,,8,Barcelona,c2,29/06/2020,12/7/2020,14,18/05/2020,29/06/2020,42,c2,c2,c1,c1,c1,c1,m1,m2,m2,m2,m2,m2,2,1,D,133.0
94,08_c3_12_13/07/2020_04/10/2020,,8,Barcelona,c3,13/07/2020,4/10/2020,84,1/6/2020,13/07/2020,42,c1,c1,c1,c1,c2,c2,m2,m2,m2,m2,m3,m3,1,1,S,147.0
95,08_c3_5_16/11/2020_20/12/2020,,8,Barcelona,c3,16/11/2020,20/12/2020,35,5/10/2020,16/11/2020,42,c4,c4,c4,c4,c4,c4,m3,m2,m2,m2,m2,m2,4,4,S,273.0
96,08_c3_13_08/02/2021_09/05/2021,,8,Barcelona,c3,8/2/2021,9/5/2021,91,28/12/2020,8/2/2021,42,c4,c4,c4,c4,c4,c4,m2,m2,m2,m2,m2,m2,4,4,S,357.0
97,08_c4_6_05/10/2020_15/11/2020,,8,Barcelona,c4,5/10/2020,15/11/2020,42,24/08/2020,5/10/2020,42,c3,c3,c3,c3,c3,c3,m2,m2,m2,m3,m3,m3,3,3,S,231.0
98,08_c4_7_21/12/2020_07/02/2021,,8,Barcelona,c4,21/12/2020,7/2/2021,49,9/11/2020,21/12/2020,42,c4,c3,c3,c3,c3,c3,m2,m2,m3,m3,m2,m3,3,3,S,308.0
100,09_c1_11_04/05/2020_19/07/2020,,9,Burgos,c1,4/5/2020,19/07/2020,77,23/03/2020,4/5/2020,42,c3,c3,c3,c3,c2,c2,m1,m1,m1,m1,m1,m1,3,3,S,77.0
102,09_c2_2_20/04/2020_03/05/2020,,9,Burgos,c2,20/04/2020,3/5/2020,14,9/3/2020,20/04/2020,42,c3,c3,c3,c3,c3,c3,m4,m1,m1,m1,m1,m1,3,3,S,63.0
103,09_c2_2_20/07/2020_02/08/2020,,9,Burgos,c2,20/07/2020,2/8/2020,14,8/6/2020,20/07/2020,42,c1,c1,c1,c1,c1,c1,m3,m3,m3,m3,m3,m3,1,1,S,154.0
105,09_c3_5_03/08/2020_06/09/2020,,9,Burgos,c3,3/8/2020,6/9/2020,35,22/06/2020,3/8/2020,42,c1,c1,c1,c1,c2,c2,m3,m3,m3,m3,m3,m3,1,1,S,168.0
106,09_c3_4_07/12/2020_03/01/2021,,9,Burgos,c3,7/12/2020,3/1/2021,28,26/10/2020,7/12/2020,42,c4,c4,c4,c4,c4,c4,m3,m3,m3,m2,m2,m2,4,4,S,294.0
107,09_c3_13_08/02/2021_09/05/2021,,9,Burgos,c3,8/2/2021,9/5/2021,91,28/12/2020,8/2/2021,42,c3,c4,c4,c4,c4,c4,m1,m1,m1,m1,m1,m1,4,4,S,357.0
108,09_c4_13_07/09/2020_06/12/2020,,9,Burgos,c4,7/9/2020,6/12/2020,91,27/07/2020,7/9/2020,42,c2,c3,c3,c3,c3,c3,m3,m3,m3,m3,m3,m3,3,3,S,203.0
109,09_c4_5_04/01/2021_07/02/2021,,9,Burgos,c4,4/1/2021,7/2/2021,35,23/11/2020,4/1/2021,42,c4,c4,c3,c3,c3,c3,m2,m2,m1,m2,m1,m1,4,3,D,322.0
111,10_c1_13_04/05/2020_02/08/2020,,10,C ceres,c1,4/5/2020,2/8/2020,91,23/03/2020,4/5/2020,42,c3,c3,c2,c2,c2,c2,m1,m1,m1,m1,m1,m1,3,2,D,77.0
112,10_c2_4_06/04/2020_03/05/2020,,10,C ceres,c2,6/4/2020,3/5/2020,28,24/02/2020,6/4/2020,42,c1,c1,c3,c3,c3,c3,m4,m4,m4,m1,m1,m1,1,3,I,49.0
113,10_c2_2_03/08/2020_16/08/2020,,10,C ceres,c2,3/8/2020,16/08/2020,14,22/06/2020,3/8/2020,42,c1,c1,c1,c1,c1,c1,m3,m3,m3,m4,m3,m3,1,1,S,168.0
114,10_c2_6_08/02/2021_21/03/2021,,10,C ceres,c2,8/2/2021,21/03/2021,42,28/12/2020,8/2/2021,42,c4,c4,c4,c4,c4,c3,m2,m2,m2,m2,m2,m2,4,4,S,357.0
115,10_c2_1_19/04/2021..25/04/2021,,10,C ceres,c2,19/04/2021,25/04/2021,7,8/3/2021,19/04/2021,42,c2,c2,c3,c3,c3,c3,m4,m3,m4,m3,m4,m4,2,3,I,427.0
116,10_c2_1_03/05/2021..09/05/2021,,10,C ceres,c2,3/5/2021,9/5/2021,7,22/03/2021,3/5/2021,42,c3,c3,c3,c3,c2,c3,m4,m3,m4,m4,m3,m4,3,3,S,441.0
118,10_c3_9_17/08/2020_18/10/2020,,10,C ceres,c3,17/08/2020,18/10/2020,63,6/7/2020,17/08/2020,42,c1,c1,c1,c1,c2,c2,m3,m4,m3,m3,m4,m3,1,1,S,182.0
119,10_c3_5_09/11/2020_13/12/2020,,10,C ceres,c3,9/11/2020,13/12/2020,35,28/09/2020,9/11/2020,42,c3,c3,c3,c4,c4,c4,m3,m4,m3,m3,m3,m3,3,4,I,266.0
120,10_c3_1_01/02/2021..07/02/2021,,10,C ceres,c3,1/2/2021,7/2/2021,7,21/12/2020,1/2/2021,42,c4,c4,c4,c4,c4,c4,m2,m2,m2,m2,m2,m2,4,4,S,350.0
121,10_c3_4_22/03/2021_18/04/2021,,10,C ceres,c3,22/03/2021,18/04/2021,28,8/2/2021,22/03/2021,42,c2,c2,c2,c2,c2,c2,m3,m3,m3,m4,m4,m3,2,2,S,399.0
122,10_c3_1_26/04/2021..02/05/2021,,10,C ceres,c3,26/04/2021,2/5/2021,7,15/03/2021,26/04/2021,42,c2,c3,c3,c3,c3,c2,m3,m4,m3,m4,m4,m3,3,3,S,434.0
123,10_c4_3_19/10/2020_08/11/2020,,10,C ceres,c4,19/10/2020,8/11/2020,21,7/9/2020,19/10/2020,42,c3,c3,c3,c3,c3,c3,m3,m3,m3,m3,m4,m3,3,3,S,245.0
124,10_c4_7_14/12/2020_31/01/2021,,10,C ceres,c4,14/12/2020,31/01/2021,49,2/11/2020,14/12/2020,42,c4,c3,c3,c3,c3,c3,m3,m4,m4,m3,m3,m3,3,3,S,301.0
126,11_c1_17_06/04/2020_02/08/2020,,11,C diz,c1,6/4/2020,2/8/2020,119,24/02/2020,6/4/2020,42,c1,c1,c2,c2,c2,c2,m4,m4,m4,m1,m1,m1,1,2,I,49.0
128,11_c2_3_03/08/2020_23/08/2020,,11,C diz,c2,3/8/2020,23/08/2020,21,22/06/2020,3/8/2020,42,c1,c1,c1,c1,c1,c1,m4,m4,m4,m4,m4,m4,1,1,S,168.0
129,11_c2_1_03/05/2021..09/05/2021,,11,C diz,c2,3/5/2021,9/5/2021,7,22/03/2021,3/5/2021,42,c3,c3,c3,c3,c3,c3,m4,m3,m4,m4,m4,m4,3,3,S,441.0
130,11_c3_9_24/08/2020_25/10/2020,,11,C diz,c3,24/08/2020,25/10/2020,63,13/07/2020,24/08/2020,42,c1,c1,c1,c2,c2,c2,m4,m4,m4,m4,m4,m4,1,2,I,189.0
131,11_c3_6_23/11/2020_03/01/2021,,11,C diz,c3,23/11/2020,3/1/2021,42,12/10/2020,23/11/2020,42,c3,c3,c4,c4,c4,c4,m3,m3,m3,m3,m3,m3,3,4,I,280.0
132,11_c3_11_15/02/2021_02/05/2021,,11,C diz,c3,15/02/2021,2/5/2021,77,4/1/2021,15/02/2021,42,c4,c4,c4,c4,c4,c4,m2,m3,m2,m3,m3,m3,4,4,S,364.0
133,11_c4_4_26/10/2020_22/11/2020,,11,C diz,c4,26/10/2020,22/11/2020,28,14/09/2020,26/10/2020,42,c3,c3,c3,c3,c3,c3,m4,m4,m4,m4,m3,m3,3,3,S,252.0
134,11_c4_6_04/01/2021_14/02/2021,,11,C diz,c4,4/1/2021,14/02/2021,42,23/11/2020,4/1/2021,42,c3,c3,c3,c3,c3,c3,m3,m3,m3,m4,m3,m3,3,3,S,322.0
136,12_c1_13_20/04/2020_19/07/2020,,12,Castell /Castell n,c1,20/04/2020,19/07/2020,91,9/3/2020,20/04/2020,42,c2,c3,c3,c2,c2,c2,m4,m1,m1,m1,m1,m1,3,2,D,63.0
138,12_c2_3_30/03/2020_19/04/2020,,12,Castell /Castell n,c2,30/03/2020,19/04/2020,21,17/02/2020,30/03/2020,42,c1,c1,c1,c2,c3,c3,m4,m4,m4,m4,m1,m1,1,2,I,42.0
139,12_c2_4_20/07/2020_16/08/2020,,12,Castell /Castell n,c2,20/07/2020,16/08/2020,28,8/6/2020,20/07/2020,42,c1,c1,c1,c1,c1,c1,m3,m3,m3,m4,m4,m4,1,1,S,154.0
140,12_c2_11_22/02/2021_09/05/2021,,12,Castell /Castell n,c2,22/02/2021,9/5/2021,77,11/1/2021,22/02/2021,42,c4,c4,c4,c4,c3,c3,m3,m3,m3,m3,m3,m3,4,4,S,371.0
142,12_c3_10_17/08/2020_25/10/2020,,12,Castell /Castell n,c3,17/08/2020,25/10/2020,70,6/7/2020,17/08/2020,42,c1,c1,c2,c2,c2,c2,m4,m4,m4,m4,m4,m4,1,2,I,182.0
143,12_c3_4_16/11/2020_13/12/2020,,12,Castell /Castell n,c3,16/11/2020,13/12/2020,28,5/10/2020,16/11/2020,42,c3,c3,c3,c4,c4,c4,m3,m3,m4,m4,m3,m4,3,4,I,273.0
144,12_c3_2_08/02/2021_21/02/2021,,12,Castell /Castell n,c3,8/2/2021,21/02/2021,14,28/12/2020,8/2/2021,42,c4,c4,c4,c4,c4,c4,m2,m2,m3,m3,m3,m3,4,4,S,357.0
145,12_c4_3_26/10/2020_15/11/2020,,12,Castell /Castell n,c4,26/10/2020,15/11/2020,21,14/09/2020,26/10/2020,42,c3,c3,c3,c3,c3,c3,m4,m4,m4,m3,m3,m4,3,3,S,252.0
146,12_c4_8_14/12/2020_07/02/2021,,12,Castell /Castell n,c4,14/12/2020,7/2/2021,56,2/11/2020,14/12/2020,42,c4,c4,c3,c3,c3,c3,m3,m4,m4,m3,m4,m3,4,3,D,301.0
148,13_c1_7_08/06/2020_26/07/2020,,13,Ciudad Real,c1,8/6/2020,26/07/2020,49,27/04/2020,8/6/2020,42,c2,c2,c2,c2,c2,c2,m1,m1,m1,m2,m3,m3,2,2,S,112.0
150,13_c2_8_13/04/2020_07/06/2020,,13,Ciudad Real,c2,13/04/2020,7/6/2020,56,2/3/2020,13/04/2020,42,c2,c3,c4,c4,c3,c3,m4,m4,m1,m1,m1,m1,3,4,I,56.0
151,13_c2_2_27/07/2020_09/08/2020,,13,Ciudad Real,c2,27/07/2020,9/8/2020,14,15/06/2020,27/07/2020,42,c1,c1,c1,c1,c1,c1,m3,m4,m4,m4,m4,m4,1,1,S,161.0
152,13_c2_6_15/02/2021_28/03/2021,,13,Ciudad Real,c2,15/02/2021,28/03/2021,42,4/1/2021,15/02/2021,42,c4,c4,c4,c4,c4,c3,m2,m3,m3,m3,m3,m3,4,4,S,364.0
154,13_c3_2_30/03/2020_12/04/2020,,13,Ciudad Real,c3,30/03/2020,12/4/2020,14,17/02/2020,30/03/2020,42,c1,c1,c2,c3,c4,c4,m4,m4,m4,m4,m1,m1,1,3,I,42.0
155,13_c3_3_10/08/2020_30/08/2020,,13,Ciudad Real,c3,10/8/2020,30/08/2020,21,29/06/2020,10/8/2020,42,c1,c1,c1,c1,c2,c2,m4,m4,m4,m4,m3,m4,1,1,S,175.0
156,13_c3_3_28/09/2020_18/10/2020,,13,Ciudad Real,c3,28/09/2020,18/10/2020,21,17/08/2020,28/09/2020,42,c3,c3,c4,c4,c4,c4,m3,m3,m3,m3,m3,m4,3,4,I,224.0
157,13_c3_4_16/11/2020_13/12/2020,,13,Ciudad Real,c3,16/11/2020,13/12/2020,28,5/10/2020,16/11/2020,42,c3,c3,c4,c4,c4,c4,m4,m3,m4,m4,m4,m4,3,4,I,273.0
158,13_c3_1_08/02/2021..14/02/2021,,13,Ciudad Real,c3,8/2/2021,14/02/2021,7,28/12/2020,8/2/2021,42,c4,c4,c4,c4,c4,c4,m3,m2,m3,m3,m3,m3,4,4,S,357.0
159,13_c3_6_29/03/2021_09/05/2021,,13,Ciudad Real,c3,29/03/2021,9/5/2021,42,15/02/2021,29/03/2021,42,c2,c2,c2,c2,c2,c2,m4,m4,m4,m4,m4,m3,2,2,S,406.0
161,13_c4_4_31/08/2020_27/09/2020,,13,Ciudad Real,c4,31/08/2020,27/09/2020,28,20/07/2020,31/08/2020,42,c1,c2,c2,c3,c3,c3,m4,m3,m4,m4,m3,m3,2,3,I,196.0
162,13_c4_4_19/10/2020_15/11/2020,,13,Ciudad Real,c4,19/10/2020,15/11/2020,28,7/9/2020,19/10/2020,42,c4,c4,c4,c3,c3,c3,m3,m3,m4,m4,m4,m3,4,3,D,245.0
163,13_c4_8_14/12/2020_07/02/2021,,13,Ciudad Real,c4,14/12/2020,7/2/2021,56,2/11/2020,14/12/2020,42,c4,c4,c3,c3,c3,c3,m4,m4,m4,m4,m4,m3,4,3,D,301.0
165,14_c1_16_06/04/2020_26/07/2020,,14,C rdoba,c1,6/4/2020,26/07/2020,112,24/02/2020,6/4/2020,42,c1,c1,c2,c2,c2,c2,m4,m4,m4,m1,m1,m1,1,2,I,49.0
167,14_c2_3_27/07/2020_16/08/2020,,14,C rdoba,c2,27/07/2020,16/08/2020,21,15/06/2020,27/07/2020,42,c1,c1,c1,c1,c1,c1,m3,m3,m3,m3,m3,m3,1,1,S,161.0
168,14_c3_7_17/08/2020_04/10/2020,,14,C rdoba,c3,17/08/2020,4/10/2020,49,6/7/2020,17/08/2020,42,c1,c1,c1,c2,c2,c2,m3,m3,m3,m3,m2,m2,1,2,I,182.0
169,14_c3_6_23/11/2020_03/01/2021,,14,C rdoba,c3,23/11/2020,3/1/2021,42,12/10/2020,23/11/2020,42,c4,c4,c4,c4,c4,c4,m3,m3,m3,m3,m3,m3,4,4,S,280.0
170,14_c3_13_08/02/2021_09/05/2021,,14,C rdoba,c3,8/2/2021,9/5/2021,91,28/12/2020,8/2/2021,42,c3,c4,c4,c4,c4,c4,m2,m2,m3,m3,m3,m3,4,4,S,357.0
171,14_c4_7_05/10/2020_22/11/2020,,14,C rdoba,c4,5/10/2020,22/11/2020,49,24/08/2020,5/10/2020,42,c3,c3,c3,c3,c3,c3,m2,m3,m3,m3,m3,m3,3,3,S,231.0
172,14_c4_5_04/01/2021_07/02/2021,,14,C rdoba,c4,4/1/2021,7/2/2021,35,23/11/2020,4/1/2021,42,c3,c3,c3,c3,c3,c3,m3,m3,m2,m3,m3,m2,3,3,S,322.0
174,15_c1_13_27/04/2020_26/07/2020,,15,A Coru a,c1,27/04/2020,26/07/2020,91,16/03/2020,27/04/2020,42,c3,c3,c3,c2,c2,c2,m1,m1,m1,m1,m1,m1,3,2,D,70.0
176,15_c2_3_06/04/2020_26/04/2020,,15,A Coru a,c2,6/4/2020,26/04/2020,21,24/02/2020,6/4/2020,42,c1,c1,c2,c3,c3,c3,m4,m4,m4,m1,m1,m1,1,3,I,49.0
177,15_c2_2_27/07/2020_09/08/2020,,15,A Coru a,c2,27/07/2020,9/8/2020,14,15/06/2020,27/07/2020,42,c1,c1,c1,c1,c1,c1,m3,m3,m3,m3,m3,m3,1,1,S,161.0
178,15_c2_8_15/03/2021_09/05/2021,,15,A Coru a,c2,15/03/2021,9/5/2021,56,1/2/2021,15/03/2021,42,c4,c3,c3,c3,c3,c3,m2,m2,m2,m2,m3,m3,3,3,S,392.0
180,15_c3_21_10/08/2020_03/01/2021,,15,A Coru a,c3,10/8/2020,3/1/2021,147,29/06/2020,10/8/2020,42,c1,c1,c1,c1,c2,c2,m3,m3,m3,m3,m3,m3,1,1,S,175.0
181,15_c3_5_08/02/2021_14/03/2021,,15,A Coru a,c3,8/2/2021,14/03/2021,35,28/12/2020,8/2/2021,42,c3,c4,c4,c4,c4,c4,m2,m2,m3,m2,m2,m2,4,4,S,357.0
182,15_c4_5_04/01/2021_07/02/2021,,15,A Coru a,c4,4/1/2021,7/2/2021,35,23/11/2020,4/1/2021,42,c3,c3,c3,c3,c3,c3,m3,m3,m2,m3,m2,m2,3,3,S,322.0
184,16_c1_8_08/06/2020_02/08/2020,,16,Cuenca,c1,8/6/2020,2/8/2020,56,27/04/2020,8/6/2020,42,c2,c2,c2,c2,c2,c2,m1,m1,m2,m2,m3,m3,2,2,S,112.0
185,16_c1_2_01/03/2021_14/03/2021,,16,Cuenca,c1,1/3/2021,14/03/2021,14,18/01/2021,1/3/2021,42,c4,c4,c4,c3,c2,c2,m2,m2,m3,m3,m3,m3,4,3,D,378.0
187,16_c2_7_20/04/2020_07/06/2020,,16,Cuenca,c2,20/04/2020,7/6/2020,49,9/3/2020,20/04/2020,42,c3,c4,c4,c3,c3,c3,m4,m1,m1,m1,m1,m1,4,3,D,63.0
188,16_c2_2_03/08/2020_16/08/2020,,16,Cuenca,c2,3/8/2020,16/08/2020,14,22/06/2020,3/8/2020,42,c1,c1,c1,c1,c1,c1,m4,m4,m4,m4,m4,m4,1,1,S,168.0
189,16_c2_2_15/02/2021_28/02/2021,,16,Cuenca,c2,15/02/2021,28/02/2021,14,4/1/2021,15/02/2021,42,c4,c4,c4,c4,c4,c3,m2,m2,m2,m2,m3,m3,4,4,S,364.0
190,16_c2_2_15/03/2021_28/03/2021,,16,Cuenca,c2,15/03/2021,28/03/2021,14,1/2/2021,15/03/2021,42,c4,c3,c2,c2,c1,c1,m3,m3,m3,m3,m4,m4,3,2,D,392.0
192,16_c3_3_30/03/2020_19/04/2020,,16,Cuenca,c3,30/03/2020,19/04/2020,21,17/02/2020,30/03/2020,42,c1,c1,c2,c3,c4,c4,m4,m4,m4,m4,m1,m1,1,3,I,42.0
193,16_c3_4_17/08/2020_13/09/2020,,16,Cuenca,c3,17/08/2020,13/09/2020,28,6/7/2020,17/08/2020,42,c1,c1,c1,c1,c2,c2,m4,m4,m4,m4,m4,m4,1,1,S,182.0
194,16_c3_4_30/11/2020_27/12/2020,,16,Cuenca,c3,30/11/2020,27/12/2020,28,19/10/2020,30/11/2020,42,c4,c4,c4,c4,c4,c4,m3,m3,m3,m3,m4,m3,4,4,S,287.0
195,16_c3_1_08/02/2021..14/02/2021,,16,Cuenca,c3,8/2/2021,14/02/2021,7,28/12/2020,8/2/2021,42,c4,c4,c4,c4,c4,c4,m2,m2,m2,m2,m2,m3,4,4,S,357.0
196,16_c3_6_29/03/2021_09/05/2021,,16,Cuenca,c3,29/03/2021,9/5/2021,42,15/02/2021,29/03/2021,42,c2,c2,c1,c1,c2,c2,m3,m3,m4,m4,m4,m4,2,1,D,406.0
198,16_c4_11_14/09/2020_29/11/2020,,16,Cuenca,c4,14/09/2020,29/11/2020,77,3/8/2020,14/09/2020,42,c2,c2,c3,c3,c3,c3,m4,m4,m4,m4,m3,m4,2,3,I,210.0
199,16_c4_6_28/12/2020_07/02/2021,,16,Cuenca,c4,28/12/2020,7/2/2021,42,16/11/2020,28/12/2020,42,c4,c4,c3,c3,c3,c3,m4,m3,m3,m3,m4,m3,4,3,D,315.0
201,17_c1_4_08/06/2020_05/07/2020,,17,Girona,c1,8/6/2020,5/7/2020,28,27/04/2020,8/6/2020,42,c2,c2,c2,c2,c2,c2,m1,m2,m2,m3,m3,m3,2,2,S,112.0
203,17_c2_7_20/04/2020_07/06/2020,,17,Girona,c2,20/04/2020,7/6/2020,49,9/3/2020,20/04/2020,42,c2,c3,c3,c3,c3,c3,m4,m1,m1,m1,m1,m1,3,3,S,63.0
204,17_c2_6_06/07/2020_16/08/2020,,17,Girona,c2,6/7/2020,16/08/2020,42,25/05/2020,6/7/2020,42,c2,c2,c1,c1,c1,c1,m3,m3,m3,m4,m4,m4,2,1,D,140.0
206,17_c3_7_17/08/2020_04/10/2020,,17,Girona,c3,17/08/2020,4/10/2020,49,6/7/2020,17/08/2020,42,c2,c2,c2,c2,c2,c2,m4,m4,m4,m4,m4,m4,2,2,S,182.0
207,17_c3_3_16/11/2020_06/12/2020,,17,Girona,c3,16/11/2020,6/12/2020,21,5/10/2020,16/11/2020,42,c4,c4,c4,c4,c4,c4,m3,m3,m3,m2,m2,m3,4,4,S,273.0
208,17_c3_9_08/02/2021_11/04/2021,,17,Girona,c3,8/2/2021,11/4/2021,63,28/12/2020,8/2/2021,42,c4,c4,c4,c4,c4,c4,m1,m1,m2,m2,m2,m2,4,4,S,357.0
209,17_c4_6_05/10/2020_15/11/2020,,17,Girona,c4,5/10/2020,15/11/2020,42,24/08/2020,5/10/2020,42,c3,c3,c3,c3,c3,c3,m4,m4,m3,m4,m4,m3,3,3,S,231.0
210,17_c4_9_07/12/2020_07/02/2021,,17,Girona,c4,7/12/2020,7/2/2021,63,26/10/2020,7/12/2020,42,c4,c4,c4,c3,c3,c3,m2,m2,m3,m3,m3,m3,4,3,D,294.0
211,17_c4_4_12/04/2021_09/05/2021,,17,Girona,c4,12/4/2021,9/5/2021,28,1/3/2021,12/4/2021,42,c3,c3,c3,c3,c3,c3,m2,m2,m3,m4,m4,m3,3,3,S,420.0
213,18_c1_15_20/04/2020_02/08/2020,,18,Granada,c1,20/04/2020,2/8/2020,105,9/3/2020,20/04/2020,42,c2,c3,c3,c2,c2,c2,m4,m1,m1,m1,m1,m1,3,2,D,63.0
215,18_c2_3_30/03/2020_19/04/2020,,18,Granada,c2,30/03/2020,19/04/2020,21,17/02/2020,30/03/2020,42,c1,c1,c1,c2,c3,c3,m4,m4,m4,m4,m1,m1,1,2,I,42.0
216,18_c2_2_03/08/2020_16/08/2020,,18,Granada,c2,3/8/2020,16/08/2020,14,22/06/2020,3/8/2020,42,c1,c1,c1,c1,c1,c1,m3,m3,m3,m3,m3,m3,1,1,S,168.0
218,18_c3_6_17/08/2020_27/09/2020,,18,Granada,c3,17/08/2020,27/09/2020,42,6/7/2020,17/08/2020,42,c1,c1,c1,c1,c2,c2,m3,m3,m3,m3,m3,m3,1,1,S,182.0
219,18_c3_6_23/11/2020_03/01/2021,,18,Granada,c3,23/11/2020,3/1/2021,42,12/10/2020,23/11/2020,42,c4,c4,c4,c4,c4,c4,m3,m3,m3,m2,m2,m2,4,4,S,280.0
220,18_c3_8_08/02/2021_04/04/2021,,18,Granada,c3,8/2/2021,4/4/2021,56,28/12/2020,8/2/2021,42,c3,c4,c4,c4,c4,c4,m2,m2,m3,m2,m2,m3,4,4,S,357.0
221,18_c3_1_03/05/2021..09/05/2021,,18,Granada,c3,3/5/2021,9/5/2021,7,22/03/2021,3/5/2021,42,c3,c3,c4,c4,c4,c4,m3,m2,m3,m3,m3,m3,3,4,I,441.0
222,18_c4_8_28/09/2020_22/11/2020,,18,Granada,c4,28/09/2020,22/11/2020,56,17/08/2020,28/09/2020,42,c3,c3,c3,c3,c3,c3,m3,m3,m3,m3,m3,m3,3,3,S,224.0
223,18_c4_5_04/01/2021_07/02/2021,,18,Granada,c4,4/1/2021,7/2/2021,35,23/11/2020,4/1/2021,42,c3,c3,c3,c3,c3,c3,m2,m2,m2,m3,m2,m2,3,3,S,322.0
224,18_c4_4_05/04/2021_02/05/2021,,18,Granada,c4,5/4/2021,2/5/2021,28,22/02/2021,5/4/2021,42,c3,c3,c3,c3,c3,c3,m3,m3,m3,m3,m3,m2,3,3,S,413.0
226,19_c1_9_04/05/2020_05/07/2020,,19,Guadalajara,c1,4/5/2020,5/7/2020,63,23/03/2020,4/5/2020,42,c3,c3,c2,c2,c2,c2,m1,m1,m1,m1,m1,m1,3,2,D,77.0
228,19_c2_4_06/04/2020_03/05/2020,,19,Guadalajara,c2,6/4/2020,3/5/2020,28,24/02/2020,6/4/2020,42,c1,c2,c3,c3,c3,c3,m4,m4,m4,m1,m1,m1,2,3,I,49.0
229,19_c2_4_06/07/2020_02/08/2020,,19,Guadalajara,c2,6/7/2020,2/8/2020,28,25/05/2020,6/7/2020,42,c1,c1,c1,c1,c1,c1,m3,m3,m3,m3,m3,m3,1,1,S,140.0
231,19_c3_4_03/08/2020_30/08/2020,,19,Guadalajara,c3,3/8/2020,30/08/2020,28,22/06/2020,3/8/2020,42,c1,c1,c2,c2,c2,c2,m3,m3,m3,m3,m3,m3,1,2,I,168.0
232,19_c3_7_09/11/2020_27/12/2020,,19,Guadalajara,c3,9/11/2020,27/12/2020,49,28/09/2020,9/11/2020,42,c4,c4,c4,c4,c4,c4,m3,m4,m3,m4,m4,m4,4,4,S,266.0
233,19_c3_6_08/02/2021_21/03/2021,,19,Guadalajara,c3,8/2/2021,21/03/2021,42,28/12/2020,8/2/2021,42,c4,c4,c4,c4,c4,c4,m2,m2,m2,m3,m3,m3,4,4,S,357.0
234,19_c3_2_26/04/2021_09/05/2021,,19,Guadalajara,c3,26/04/2021,9/5/2021,14,15/03/2021,26/04/2021,42,c3,c4,c4,c4,c4,c4,m4,m3,m3,m4,m3,m3,4,4,S,434.0
235,19_c4_10_31/08/2020_08/11/2020,,19,Guadalajara,c4,31/08/2020,8/11/2020,70,20/07/2020,31/08/2020,42,c2,c2,c3,c3,c3,c3,m3,m3,m3,m3,m3,m3,2,3,I,196.0
236,19_c4_6_28/12/2020_07/02/2021,,19,Guadalajara,c4,28/12/2020,7/2/2021,42,16/11/2020,28/12/2020,42,c3,c3,c3,c3,c3,c3,m4,m4,m4,m3,m4,m3,3,3,S,315.0
237,19_c4_5_22/03/2021_25/04/2021,,19,Guadalajara,c4,22/03/2021,25/04/2021,35,8/2/2021,22/03/2021,42,c3,c3,c3,c3,c3,c3,m3,m3,m3,m4,m4,m4,3,3,S,399.0
239,20_c1_11_20/04/2020_05/07/2020,,20,Gipuzkoa,c1,20/04/2020,5/7/2020,77,9/3/2020,20/04/2020,42,c2,c3,c3,c3,c2,c2,m4,m1,m1,m1,m1,m1,3,3,S,63.0
241,20_c2_2_06/04/2020_19/04/2020,,20,Gipuzkoa,c2,6/4/2020,19/04/2020,14,24/02/2020,6/4/2020,42,c1,c1,c2,c3,c3,c3,m4,m4,m4,m1,m1,m1,1,3,I,49.0
242,20_c2_4_06/07/2020_02/08/2020,,20,Gipuzkoa,c2,6/7/2020,2/8/2020,28,25/05/2020,6/7/2020,42,c1,c1,c1,c1,c1,c1,m3,m3,m3,m4,m4,m4,1,1,S,140.0
244,20_c3_3_03/08/2020_23/08/2020,,20,Gipuzkoa,c3,3/8/2020,23/08/2020,21,22/06/2020,3/8/2020,42,c1,c1,c2,c2,c2,c2,m4,m4,m3,m4,m4,m3,1,2,I,168.0
245,20_c3_4_07/09/2020_04/10/2020,,20,Gipuzkoa,c3,7/9/2020,4/10/2020,28,27/07/2020,7/9/2020,42,c2,c3,c3,c3,c4,c4,m3,m3,m2,m2,m3,m4,3,3,S,203.0
246,20_c3_6_30/11/2020_10/01/2021,,20,Gipuzkoa,c3,30/11/2020,10/1/2021,42,19/10/2020,30/11/2020,42,c4,c4,c4,c4,c4,c4,m3,m3,m3,m3,m3,m3,4,4,S,287.0
247,20_c3_7_08/02/2021_28/03/2021,,20,Gipuzkoa,c3,8/2/2021,28/03/2021,49,28/12/2020,8/2/2021,42,c3,c3,c4,c4,c4,c4,m2,m3,m3,m3,m3,m3,3,4,I,357.0
248,20_c3_1_03/05/2021..09/05/2021,,20,Gipuzkoa,c3,3/5/2021,9/5/2021,7,22/03/2021,3/5/2021,42,c3,c4,c4,c4,c4,c4,m4,m3,m3,m4,m4,m3,4,4,S,441.0
249,20_c4_2_24/08/2020_06/09/2020,,20,Gipuzkoa,c4,24/08/2020,6/9/2020,14,13/07/2020,24/08/2020,42,c2,c2,c2,c3,c3,c3,m4,m4,m3,m3,m2,m2,2,3,I,189.0
250,20_c4_8_05/10/2020_29/11/2020,,20,Gipuzkoa,c4,5/10/2020,29/11/2020,56,24/08/2020,5/10/2020,42,c4,c4,c3,c3,c3,c3,m3,m4,m4,m4,m4,m4,4,3,D,231.0
251,20_c4_4_11/01/2021_07/02/2021,,20,Gipuzkoa,c4,11/1/2021,7/2/2021,28,30/11/2020,11/1/2021,42,c3,c3,c3,c3,c3,c3,m3,m2,m4,m3,m2,m3,3,3,S,329.0
252,20_c4_5_29/03/2021_02/05/2021,,20,Gipuzkoa,c4,29/03/2021,2/5/2021,35,15/02/2021,29/03/2021,42,c3,c3,c3,c3,c3,c3,m3,m3,m4,m4,m3,m4,3,3,S,406.0
254,21_c1_19_06/04/2020_16/08/2020,,21,Huelva,c1,6/4/2020,16/08/2020,133,24/02/2020,6/4/2020,42,c1,c1,c1,c2,c2,c2,m4,m4,m4,m1,m1,m1,1,2,I,49.0
256,21_c2_6_17/08/2020_27/09/2020,,21,Huelva,c2,17/08/2020,27/09/2020,42,6/7/2020,17/08/2020,42,c1,c1,c1,c1,c1,c1,m4,m4,m4,m4,m4,m4,1,1,S,182.0
257,21_c2_4_22/02/2021_21/03/2021,,21,Huelva,c2,22/02/2021,21/03/2021,28,11/1/2021,22/02/2021,42,c4,c4,c4,c4,c3,c3,m3,m2,m2,m2,m3,m3,4,4,S,371.0
258,21_c3_3_28/09/2020_18/10/2020,,21,Huelva,c3,28/09/2020,18/10/2020,21,17/08/2020,28/09/2020,42,c2,c2,c2,c2,c2,c2,m4,m4,m4,m3,m3,m3,2,2,S,224.0
259,21_c3_6_23/11/2020_03/01/2021,,21,Huelva,c3,23/11/2020,3/1/2021,42,12/10/2020,23/11/2020,42,c3,c4,c4,c4,c4,c4,m3,m3,m3,m3,m3,m3,4,4,S,280.0
260,21_c3_2_08/02/2021_21/02/2021,,21,Huelva,c3,8/2/2021,21/02/2021,14,28/12/2020,8/2/2021,42,c3,c4,c4,c4,c4,c4,m2,m2,m3,m2,m2,m2,4,4,S,357.0
261,21_c3_7_22/03/2021_09/05/2021,,21,Huelva,c3,22/03/2021,9/5/2021,49,8/2/2021,22/03/2021,42,c3,c3,c2,c2,c2,c2,m3,m3,m3,m3,m3,m3,3,2,D,399.0
262,21_c4_5_19/10/2020_22/11/2020,,21,Huelva,c4,19/10/2020,22/11/2020,35,7/9/2020,19/10/2020,42,c2,c2,c2,c3,c3,c3,m3,m3,m3,m4,m3,m3,2,3,I,245.0
263,21_c4_5_04/01/2021_07/02/2021,,21,Huelva,c4,4/1/2021,7/2/2021,35,23/11/2020,4/1/2021,42,c3,c3,c3,c3,c3,c3,m3,m3,m2,m3,m3,m2,3,3,S,322.0
265,22_c1_8_20/04/2020_14/06/2020,,22,Huesca,c1,20/04/2020,14/06/2020,56,9/3/2020,20/04/2020,42,c2,c3,c3,c2,c2,c2,m4,m1,m1,m1,m1,m1,3,2,D,63.0
267,22_c2_3_30/03/2020_19/04/2020,,22,Huesca,c2,30/03/2020,19/04/2020,21,17/02/2020,30/03/2020,42,c1,c1,c1,c2,c3,c3,m4,m4,m4,m4,m1,m1,1,2,I,42.0
268,22_c2_3_15/06/2020_05/07/2020,,22,Huesca,c2,15/06/2020,5/7/2020,21,4/5/2020,15/06/2020,42,c1,c1,c1,c1,c1,c1,m2,m2,m3,m3,m3,m3,1,1,S,119.0
269,22_c2_3_08/03/2021_28/03/2021,,22,Huesca,c2,8/3/2021,28/03/2021,21,25/01/2021,8/3/2021,42,c3,c3,c3,c3,c3,c3,m3,m3,m3,m3,m3,m3,3,3,S,385.0
271,22_c3_13_06/07/2020_04/10/2020,,22,Huesca,c3,6/7/2020,4/10/2020,91,25/05/2020,6/7/2020,42,c1,c1,c1,c2,c2,c2,m3,m3,m3,m3,m4,m4,1,2,I,140.0
272,22_c3_6_23/11/2020_03/01/2021,,22,Huesca,c3,23/11/2020,3/1/2021,42,12/10/2020,23/11/2020,42,c4,c4,c4,c4,c4,c4,m3,m3,m3,m3,m3,m3,4,4,S,280.0
273,22_c3_6_25/01/2021_07/03/2021,,22,Huesca,c3,25/01/2021,7/3/2021,42,14/12/2020,25/01/2021,42,c3,c3,c3,c4,c4,c4,m3,m2,m2,m2,m3,m3,3,4,I,343.0
274,22_c3_6_29/03/2021_09/05/2021,,22,Huesca,c3,29/03/2021,9/5/2021,42,15/02/2021,29/03/2021,42,c3,c3,c3,c2,c2,c2,m3,m3,m3,m3,m3,m3,3,2,D,406.0
275,22_c4_7_05/10/2020_22/11/2020,,22,Huesca,c4,5/10/2020,22/11/2020,49,24/08/2020,5/10/2020,42,c3,c3,c3,c3,c3,c3,m4,m3,m3,m3,m3,m3,3,3,S,231.0
276,22_c4_3_04/01/2021_24/01/2021,,22,Huesca,c4,4/1/2021,24/01/2021,21,23/11/2020,4/1/2021,42,c3,c3,c3,c3,c3,c3,m3,m3,m2,m3,m2,m2,3,3,S,322.0
278,23_c1_16_13/04/2020_02/08/2020,,23,Ja n,c1,13/04/2020,2/8/2020,112,2/3/2020,13/04/2020,42,c1,c2,c3,c3,c2,c2,m4,m4,m1,m1,m1,m1,2,3,I,56.0
280,23_c2_2_30/03/2020_12/04/2020,,23,Ja n,c2,30/03/2020,12/4/2020,14,17/02/2020,30/03/2020,42,c1,c1,c1,c2,c3,c3,m4,m4,m4,m4,m1,m1,1,2,I,42.0
281,23_c2_3_03/08/2020_23/08/2020,,23,Ja n,c2,3/8/2020,23/08/2020,21,22/06/2020,3/8/2020,42,c1,c1,c1,c1,c1,c1,m4,m4,m3,m3,m3,m3,1,1,S,168.0
282,23_c2_2_01/03/2021_14/03/2021,,23,Ja n,c2,1/3/2021,14/03/2021,14,18/01/2021,1/3/2021,42,c4,c4,c4,c3,c3,c3,m3,m3,m3,m3,m4,m3,4,3,D,378.0
284,23_c3_6_24/08/2020_04/10/2020,,23,Ja n,c3,24/08/2020,4/10/2020,42,13/07/2020,24/08/2020,42,c1,c1,c1,c2,c2,c2,m3,m3,m3,m3,m3,m3,1,2,I,189.0
285,23_c3_6_23/11/2020_03/01/2021,,23,Ja n,c3,23/11/2020,3/1/2021,42,12/10/2020,23/11/2020,42,c4,c4,c4,c4,c4,c4,m3,m3,m3,m3,m3,m3,4,4,S,280.0
286,23_c3_3_08/02/2021_28/02/2021,,23,Ja n,c3,8/2/2021,28/02/2021,21,28/12/2020,8/2/2021,42,c3,c4,c4,c4,c4,c4,m2,m3,m3,m3,m3,m3,4,4,S,357.0
287,23_c3_8_15/03/2021_09/05/2021,,23,Ja n,c3,15/03/2021,9/5/2021,56,1/2/2021,15/03/2021,42,c4,c3,c3,c3,c2,c2,m3,m3,m4,m3,m3,m4,3,3,S,392.0
288,23_c4_7_05/10/2020_22/11/2020,,23,Ja n,c4,5/10/2020,22/11/2020,49,24/08/2020,5/10/2020,42,c3,c3,c3,c3,c3,c3,m3,m3,m3,m4,m4,m4,3,3,S,231.0
289,23_c4_5_04/01/2021_07/02/2021,,23,Ja n,c4,4/1/2021,7/2/2021,35,23/11/2020,4/1/2021,42,c3,c3,c3,c3,c3,c3,m3,m3,m2,m4,m3,m2,3,3,S,322.0
291,24_c1_14_04/05/2020_09/08/2020,,24,Le n,c1,4/5/2020,9/8/2020,98,23/03/2020,4/5/2020,42,c3,c3,c3,c2,c2,c2,m1,m1,m1,m1,m1,m1,3,2,D,77.0
293,24_c2_3_13/04/2020_03/05/2020,,24,Le n,c2,13/04/2020,3/5/2020,21,2/3/2020,13/04/2020,42,c1,c2,c3,c3,c3,c3,m4,m4,m1,m1,m1,m1,2,3,I,56.0
294,24_c2_2_10/08/2020_23/08/2020,,24,Le n,c2,10/8/2020,23/08/2020,14,29/06/2020,10/8/2020,42,c1,c1,c1,c1,c1,c1,m3,m4,m4,m3,m3,m3,1,1,S,175.0
295,24_c2_2_15/03/2021_28/03/2021,,24,Le n,c2,15/03/2021,28/03/2021,14,1/2/2021,15/03/2021,42,c4,c3,c3,c3,c3,c3,m2,m3,m2,m3,m3,m3,3,3,S,392.0
297,24_c3_5_24/08/2020_27/09/2020,,24,Le n,c3,24/08/2020,27/09/2020,35,13/07/2020,24/08/2020,42,c1,c1,c1,c1,c2,c2,m4,m3,m3,m3,m3,m3,1,1,S,189.0
298,24_c3_6_23/11/2020_03/01/2021,,24,Le n,c3,23/11/2020,3/1/2021,42,12/10/2020,23/11/2020,42,c4,c4,c4,c4,c4,c4,m3,m3,m3,m3,m3,m3,4,4,S,280.0
299,24_c3_5_08/02/2021_14/03/2021,,24,Le n,c3,8/2/2021,14/03/2021,35,28/12/2020,8/2/2021,42,c3,c4,c4,c4,c4,c4,m2,m2,m3,m2,m2,m2,4,4,S,357.0
300,24_c3_6_29/03/2021_09/05/2021,,24,Le n,c3,29/03/2021,9/5/2021,42,15/02/2021,29/03/2021,42,c3,c3,c3,c3,c2,c2,m2,m3,m3,m3,m3,m3,3,3,S,406.0
301,24_c4_8_28/09/2020_22/11/2020,,24,Le n,c4,28/09/2020,22/11/2020,56,17/08/2020,28/09/2020,42,c2,c3,c3,c3,c3,c3,m3,m3,m3,m3,m3,m3,3,3,S,224.0
302,24_c4_5_04/01/2021_07/02/2021,,24,Le n,c4,4/1/2021,7/2/2021,35,23/11/2020,4/1/2021,42,c3,c3,c3,c3,c3,c3,m3,m3,m2,m3,m3,m2,3,3,S,322.0
304,25_c1_2_27/04/2020_10/05/2020,,25,Lleida,c1,27/04/2020,10/5/2020,14,16/03/2020,27/04/2020,42,c3,c3,c3,c3,c2,c2,m1,m1,m1,m1,m1,m1,3,3,S,70.0
306,25_c2_2_13/04/2020_26/04/2020,,25,Lleida,c2,13/04/2020,26/04/2020,14,2/3/2020,13/04/2020,42,c1,c2,c3,c3,c3,c3,m4,m4,m1,m1,m1,m1,2,3,I,56.0
307,25_c2_6_11/05/2020_21/06/2020,,25,Lleida,c2,11/5/2020,21/06/2020,42,30/03/2020,11/5/2020,42,c3,c3,c2,c2,c1,c1,m1,m1,m1,m1,m1,m2,3,2,D,84.0
309,25_c3_2_22/06/2020_05/07/2020,,25,Lleida,c3,22/06/2020,5/7/2020,14,11/5/2020,22/06/2020,42,c2,c2,c2,c2,c2,c2,m2,m3,m3,m3,m3,m3,2,2,S,126.0
310,25_c3_9_03/08/2020_04/10/2020,,25,Lleida,c3,3/8/2020,4/10/2020,63,22/06/2020,3/8/2020,42,c3,c3,c4,c4,c4,c4,m3,m3,m3,m3,m3,m3,3,4,I,168.0
311,25_c3_3_30/11/2020_20/12/2020,,25,Lleida,c3,30/11/2020,20/12/2020,21,19/10/2020,30/11/2020,42,c4,c4,c4,c4,c4,c4,m3,m3,m3,m3,m3,m3,4,4,S,287.0
312,25_c3_5_08/02/2021_14/03/2021,,25,Lleida,c3,8/2/2021,14/03/2021,35,28/12/2020,8/2/2021,42,c4,c4,c4,c4,c4,c4,m2,m2,m2,m3,m3,m3,4,4,S,357.0
313,25_c3_1_03/05/2021..09/05/2021,,25,Lleida,c3,3/5/2021,9/5/2021,7,22/03/2021,3/5/2021,42,c4,c4,c4,c4,c4,c4,m4,m3,m3,m4,m4,m4,4,4,S,441.0
314,25_c4_4_06/07/2020_02/08/2020,,25,Lleida,c4,6/7/2020,2/8/2020,28,25/05/2020,6/7/2020,42,c2,c2,c2,c2,c3,c3,m3,m3,m3,m3,m3,m3,2,2,S,140.0
315,25_c4_8_05/10/2020_29/11/2020,,25,Lleida,c4,5/10/2020,29/11/2020,56,24/08/2020,5/10/2020,42,c3,c3,c3,c3,c3,c3,m3,m3,m3,m4,m4,m3,3,3,S,231.0
316,25_c4_7_21/12/2020_07/02/2021,,25,Lleida,c4,21/12/2020,7/2/2021,49,9/11/2020,21/12/2020,42,c4,c4,c4,c3,c3,c3,m3,m3,m3,m3,m3,m3,4,3,D,308.0
317,25_c4_7_15/03/2021_02/05/2021,,25,Lleida,c4,15/03/2021,2/5/2021,49,1/2/2021,15/03/2021,42,c4,c3,c3,c3,c3,c3,m3,m3,m3,m3,m3,m3,3,3,S,392.0
319,26_c1_12_27/04/2020_19/07/2020,,26,La Rioja,c1,27/04/2020,19/07/2020,84,16/03/2020,27/04/2020,42,c4,c4,c4,c3,c3,c2,m1,m1,m1,m1,m1,m1,4,3,D,70.0
320,26_c2_1_20/04/2020..26/04/2020,,26,La Rioja,c2,20/04/2020,26/04/2020,7,9/3/2020,20/04/2020,42,c3,c4,c4,c4,c3,c3,m4,m1,m1,m1,m1,m1,4,4,S,63.0
321,26_c2_3_20/07/2020_09/08/2020,,26,La Rioja,c2,20/07/2020,9/8/2020,21,8/6/2020,20/07/2020,42,c1,c1,c1,c1,c1,c1,m3,m3,m3,m3,m3,m3,1,1,S,154.0
322,26_c2_4_15/02/2021_14/03/2021,,26,La Rioja,c2,15/02/2021,14/03/2021,28,4/1/2021,15/02/2021,42,c4,c4,c4,c4,c4,c3,m2,m3,m2,m2,m2,m2,4,4,S,364.0
324,26_c3_2_06/04/2020_19/04/2020,,26,La Rioja,c3,6/4/2020,19/04/2020,14,24/02/2020,6/4/2020,42,c1,c3,c3,c4,c4,c4,m4,m4,m4,m1,m1,m1,3,4,I,49.0
325,26_c3_2_10/08/2020_23/08/2020,,26,La Rioja,c3,10/8/2020,23/08/2020,14,29/06/2020,10/8/2020,42,c1,c1,c1,c2,c2,c2,m3,m3,m3,m3,m3,m3,1,2,I,175.0
326,26_c3_5_23/11/2020_27/12/2020,,26,La Rioja,c3,23/11/2020,27/12/2020,35,12/10/2020,23/11/2020,42,c4,c4,c4,c4,c4,c4,m3,m3,m3,m3,m3,m3,4,4,S,280.0
327,26_c3_1_08/02/2021..14/02/2021,,26,La Rioja,c3,8/2/2021,14/02/2021,7,28/12/2020,8/2/2021,42,c4,c4,c4,c4,c4,c4,m2,m2,m3,m2,m2,m2,4,4,S,357.0
328,26_c3_8_15/03/2021_09/05/2021,,26,La Rioja,c3,15/03/2021,9/5/2021,56,1/2/2021,15/03/2021,42,c4,c3,c2,c2,c2,c2,m2,m2,m2,m3,m3,m3,3,2,D,392.0
330,26_c4_13_24/08/2020_22/11/2020,,26,La Rioja,c4,24/08/2020,22/11/2020,91,13/07/2020,24/08/2020,42,c1,c2,c2,c2,c3,c3,m3,m3,m3,m3,m3,m3,2,2,S,189.0
331,26_c4_6_28/12/2020_07/02/2021,,26,La Rioja,c4,28/12/2020,7/2/2021,42,16/11/2020,28/12/2020,42,c4,c3,c3,c3,c3,c3,m3,m3,m3,m2,m3,m2,3,3,S,315.0
333,27_c1_12_06/04/2020_28/06/2020,,27,Lugo,c1,6/4/2020,28/06/2020,84,24/02/2020,6/4/2020,42,c1,c1,c2,c3,c3,c2,m4,m4,m4,m1,m1,m1,1,3,I,49.0
334,27_c1_3_13/07/2020_02/08/2020,,27,Lugo,c1,13/07/2020,2/8/2020,21,1/6/2020,13/07/2020,42,c1,c1,c1,c1,c2,c2,m3,m3,m4,m4,m4,m4,1,1,S,147.0
336,27_c2_1_30/03/2020..05/04/2020,,27,Lugo,c2,30/03/2020,5/4/2020,7,17/02/2020,30/03/2020,42,c1,c1,c1,c2,c3,c3,m4,m4,m4,m4,m1,m1,1,2,I,42.0
337,27_c2_2_29/06/2020_12/07/2020,,27,Lugo,c2,29/06/2020,12/7/2020,14,18/05/2020,29/06/2020,42,c1,c1,c1,c1,c1,c1,m3,m3,m3,m3,m4,m4,1,1,S,133.0
338,27_c2_2_03/08/2020_16/08/2020,,27,Lugo,c2,3/8/2020,16/08/2020,14,22/06/2020,3/8/2020,42,c1,c2,c2,c1,c1,c1,m4,m4,m4,m4,m4,m4,2,1,D,168.0
339,27_c2_3_14/09/2020_04/10/2020,,27,Lugo,c2,14/09/2020,4/10/2020,21,3/8/2020,14/09/2020,42,c2,c2,c3,c3,c3,c3,m4,m4,m4,m4,m4,m4,2,3,I,210.0
340,27_c2_2_07/12/2020_20/12/2020,,27,Lugo,c2,7/12/2020,20/12/2020,14,26/10/2020,7/12/2020,42,c3,c3,c3,c3,c3,c3,m4,m3,m3,m3,m3,m3,3,3,S,294.0
341,27_c2_11_22/02/2021_09/05/2021,,27,Lugo,c2,22/02/2021,9/5/2021,77,11/1/2021,22/02/2021,42,c4,c4,c4,c3,c3,c3,m3,m3,m3,m2,m2,m2,4,3,D,371.0
343,27_c3_4_17/08/2020_13/09/2020,,27,Lugo,c3,17/08/2020,13/09/2020,28,6/7/2020,17/08/2020,42,c2,c1,c1,c1,c2,c2,m4,m4,m4,m4,m4,m4,1,1,S,182.0
344,27_c3_9_05/10/2020_06/12/2020,,27,Lugo,c3,5/10/2020,6/12/2020,63,24/08/2020,5/10/2020,42,c3,c3,c3,c2,c2,c2,m4,m4,m4,m4,m4,m4,3,2,D,231.0
345,27_c3_3_21/12/2020_10/01/2021,,27,Lugo,c3,21/12/2020,10/1/2021,21,9/11/2020,21/12/2020,42,c3,c3,c3,c3,c2,c2,m3,m3,m3,m3,m3,m3,3,3,S,308.0
346,27_c3_3_01/02/2021_21/02/2021,,27,Lugo,c3,1/2/2021,21/02/2021,21,21/12/2020,1/2/2021,42,c3,c3,c3,c4,c4,c4,m3,m2,m3,m3,m3,m3,3,4,I,350.0
347,27_c4_3_11/01/2021_31/01/2021,,27,Lugo,c4,11/1/2021,31/01/2021,21,30/11/2020,11/1/2021,42,c3,c2,c2,c3,c3,c3,m3,m3,m3,m3,m2,m3,2,3,I,329.0
349,28_c1_4_15/06/2020_12/07/2020,,28,Madrid,c1,15/06/2020,12/7/2020,28,4/5/2020,15/06/2020,42,c2,c2,c2,c2,c2,c2,m1,m1,m1,m1,m2,m2,2,2,S,119.0
350,28_c2_8_20/04/2020_14/06/2020,,28,Madrid,c2,20/04/2020,14/06/2020,56,9/3/2020,20/04/2020,42,c4,c4,c4,c3,c3,c3,m4,m1,m1,m1,m1,m1,4,3,D,63.0
351,28_c2_2_13/07/2020_26/07/2020,,28,Madrid,c2,13/07/2020,26/07/2020,14,1/6/2020,13/07/2020,42,c2,c2,c1,c1,c1,c1,m2,m2,m2,m2,m2,m2,2,1,D,147.0
353,28_c3_3_30/03/2020_19/04/2020,,28,Madrid,c3,30/03/2020,19/04/2020,21,17/02/2020,30/03/2020,42,c1,c1,c3,c4,c4,c4,m4,m4,m4,m4,m1,m1,1,4,I,42.0
354,28_c3_2_27/07/2020_09/08/2020,,28,Madrid,c3,27/07/2020,9/8/2020,14,15/06/2020,27/07/2020,42,c1,c1,c1,c1,c2,c2,m2,m2,m2,m2,m2,m2,1,1,S,161.0
355,28_c3_5_09/11/2020_13/12/2020,,28,Madrid,c3,9/11/2020,13/12/2020,35,28/09/2020,9/11/2020,42,c4,c4,c4,c4,c4,c4,m2,m2,m2,m2,m2,m2,4,4,S,266.0
356,28_c3_7_15/02/2021_04/04/2021,,28,Madrid,c3,15/02/2021,4/4/2021,49,4/1/2021,15/02/2021,42,c4,c4,c4,c4,c4,c4,m1,m1,m2,m2,m2,m2,4,4,S,364.0
357,28_c3_1_03/05/2021..09/05/2021,,28,Madrid,c3,3/5/2021,9/5/2021,7,22/03/2021,3/5/2021,42,c3,c3,c4,c4,c4,c4,m2,m2,m2,m2,m2,m3,3,4,I,441.0
359,28_c4_13_10/08/2020_08/11/2020,,28,Madrid,c4,10/8/2020,8/11/2020,91,29/06/2020,10/8/2020,42,c1,c1,c2,c2,c3,c3,m2,m2,m2,m2,m2,m1,1,2,I,175.0
360,28_c4_9_14/12/2020_14/02/2021,,28,Madrid,c4,14/12/2020,14/02/2021,63,2/11/2020,14/12/2020,42,c4,c3,c3,c3,c3,c3,m2,m2,m3,m3,m2,m2,3,3,S,301.0
361,28_c4_4_05/04/2021_02/05/2021,,28,Madrid,c4,5/4/2021,2/5/2021,28,22/02/2021,5/4/2021,42,c3,c3,c3,c3,c3,c3,m2,m2,m3,m2,m2,m2,3,3,S,413.0
363,29_c1_16_06/04/2020_26/07/2020,,29,M laga,c1,6/4/2020,26/07/2020,112,24/02/2020,6/4/2020,42,c1,c1,c2,c2,c2,c2,m4,m4,m4,m1,m1,m1,1,2,I,49.0
365,29_c2_2_27/07/2020_09/08/2020,,29,M laga,c2,27/07/2020,9/8/2020,14,15/06/2020,27/07/2020,42,c1,c1,c1,c1,c1,c1,m3,m4,m4,m4,m4,m4,1,1,S,161.0
366,29_c3_12_10/08/2020_01/11/2020,,29,M laga,c3,10/8/2020,1/11/2020,84,29/06/2020,10/8/2020,42,c1,c1,c1,c1,c2,c2,m4,m4,m4,m4,m4,m4,1,1,S,175.0
367,29_c3_7_16/11/2020_03/01/2021,,29,M laga,c3,16/11/2020,3/1/2021,49,5/10/2020,16/11/2020,42,c3,c3,c3,c3,c4,c4,m4,m3,m3,m4,m3,m3,3,3,S,273.0
368,29_c3_13_08/02/2021_09/05/2021,,29,M laga,c3,8/2/2021,9/5/2021,91,28/12/2020,8/2/2021,42,c3,c4,c4,c4,c4,c4,m2,m2,m3,m3,m3,m3,4,4,S,357.0
369,29_c4_2_02/11/2020_15/11/2020,,29,M laga,c4,2/11/2020,15/11/2020,14,21/09/2020,2/11/2020,42,c3,c3,c3,c3,c3,c3,m4,m4,m4,m3,m3,m4,3,3,S,259.0
370,29_c4_5_04/01/2021_07/02/2021,,29,M laga,c4,4/1/2021,7/2/2021,35,23/11/2020,4/1/2021,42,c3,c3,c3,c3,c3,c3,m3,m3,m2,m4,m3,m2,3,3,S,322.0
372,30_c1_16_30/03/2020_19/07/2020,,30,Murcia,c1,30/03/2020,19/07/2020,112,17/02/2020,30/03/2020,42,c1,c1,c1,c2,c2,c2,m4,m4,m4,m4,m1,m1,1,2,I,42.0
374,30_c2_3_20/07/2020_09/08/2020,,30,Murcia,c2,20/07/2020,9/8/2020,21,8/6/2020,20/07/2020,42,c1,c1,c1,c1,c1,c1,m3,m3,m3,m3,m3,m3,1,1,S,154.0
375,30_c2_11_22/02/2021_09/05/2021,,30,Murcia,c2,22/02/2021,9/5/2021,77,11/1/2021,22/02/2021,42,c4,c4,c4,c4,c3,c3,m2,m2,m2,m2,m3,m3,4,4,S,371.0
376,30_c3_4_10/08/2020_06/09/2020,,30,Murcia,c3,10/8/2020,6/9/2020,28,29/06/2020,10/8/2020,42,c1,c1,c1,c2,c2,c2,m3,m3,m3,m3,m3,m3,1,2,I,175.0
377,30_c3_6_16/11/2020_27/12/2020,,30,Murcia,c3,16/11/2020,27/12/2020,42,5/10/2020,16/11/2020,42,c4,c4,c4,c4,c4,c4,m3,m3,m3,m3,m3,m3,4,4,S,273.0
378,30_c3_2_08/02/2021_21/02/2021,,30,Murcia,c3,8/2/2021,21/02/2021,14,28/12/2020,8/2/2021,42,c4,c4,c4,c4,c4,c4,m2,m2,m2,m2,m2,m2,4,4,S,357.0
379,30_c4_10_07/09/2020_15/11/2020,,30,Murcia,c4,7/9/2020,15/11/2020,70,27/07/2020,7/9/2020,42,c2,c2,c3,c3,c3,c3,m3,m3,m2,m2,m2,m3,2,3,I,203.0
380,30_c4_6_28/12/2020_07/02/2021,,30,Murcia,c4,28/12/2020,7/2/2021,42,16/11/2020,28/12/2020,42,c3,c3,c3,c3,c3,c3,m3,m3,m3,m2,m3,m3,3,3,S,315.0
382,31_c1_9_04/05/2020_05/07/2020,,31,Navarra,c1,4/5/2020,5/7/2020,63,23/03/2020,4/5/2020,42,c3,c3,c3,c2,c2,c2,m1,m1,m1,m1,m1,m1,3,2,D,77.0
384,31_c2_3_13/04/2020_03/05/2020,,31,Navarra,c2,13/04/2020,3/5/2020,21,2/3/2020,13/04/2020,42,c2,c3,c3,c3,c3,c3,m4,m4,m1,m1,m1,m1,3,3,S,56.0
385,31_c2_1_06/07/2020..12/07/2020,,31,Navarra,c2,6/7/2020,12/7/2020,7,25/05/2020,6/7/2020,42,c1,c1,c1,c1,c1,c1,m3,m3,m3,m3,m3,m3,1,1,S,140.0
387,31_c3_7_13/07/2020_30/08/2020,,31,Navarra,c3,13/07/2020,30/08/2020,49,1/6/2020,13/07/2020,42,c1,c1,c1,c1,c1,c2,m3,m3,m3,m3,m3,m2,1,1,S,147.0
388,31_c3_8_16/11/2020_10/01/2021,,31,Navarra,c3,16/11/2020,10/1/2021,56,5/10/2020,16/11/2020,42,c4,c4,c4,c4,c4,c4,m3,m3,m3,m3,m3,m3,4,4,S,273.0
389,31_c3_7_01/02/2021_21/03/2021,,31,Navarra,c3,1/2/2021,21/03/2021,49,21/12/2020,1/2/2021,42,c3,c3,c3,c4,c4,c4,m2,m2,m2,m3,m3,m3,3,4,I,350.0
390,31_c3_2_26/04/2021_09/05/2021,,31,Navarra,c3,26/04/2021,9/5/2021,14,15/03/2021,26/04/2021,42,c3,c4,c4,c4,c4,c4,m3,m3,m3,m2,m3,m3,4,4,S,434.0
391,31_c4_11_31/08/2020_15/11/2020,,31,Navarra,c4,31/08/2020,15/11/2020,77,20/07/2020,31/08/2020,42,c3,c3,c3,c3,c3,c3,m2,m2,m2,m2,m2,m3,3,3,S,196.0
392,31_c4_3_11/01/2021_31/01/2021,,31,Navarra,c4,11/1/2021,31/01/2021,21,30/11/2020,11/1/2021,42,c3,c3,c3,c3,c3,c3,m2,m2,m3,m2,m2,m2,3,3,S,329.0
393,31_c4_5_22/03/2021_25/04/2021,,31,Navarra,c4,22/03/2021,25/04/2021,35,8/2/2021,22/03/2021,42,c3,c3,c3,c3,c3,c3,m3,m3,m3,m3,m3,m3,3,3,S,399.0
395,32_c1_15_27/04/2020_09/08/2020,,32,Ourense,c1,27/04/2020,9/8/2020,105,16/03/2020,27/04/2020,42,c3,c3,c3,c3,c2,c2,m1,m1,m1,m1,m1,m1,3,3,S,70.0
396,32_c2_2_13/04/2020_26/04/2020,,32,Ourense,c2,13/04/2020,26/04/2020,14,2/3/2020,13/04/2020,42,c1,c3,c3,c3,c3,c3,m4,m4,m1,m1,m1,m1,3,3,S,56.0
397,32_c2_2_10/08/2020_23/08/2020,,32,Ourense,c2,10/8/2020,23/08/2020,14,29/06/2020,10/8/2020,42,c1,c1,c1,c1,c1,c1,m4,m4,m4,m4,m4,m4,1,1,S,175.0
398,32_c2_12_15/02/2021_09/05/2021,,32,Ourense,c2,15/02/2021,9/5/2021,84,4/1/2021,15/02/2021,42,c4,c4,c4,c4,c3,c3,m3,m3,m3,m3,m3,m3,4,4,S,364.0
400,32_c3_19_24/08/2020_03/01/2021,,32,Ourense,c3,24/08/2020,3/1/2021,133,13/07/2020,24/08/2020,42,c1,c1,c1,c1,c2,c2,m4,m4,m4,m4,m4,m4,1,1,S,189.0
401,32_c3_2_01/02/2021_14/02/2021,,32,Ourense,c3,1/2/2021,14/02/2021,14,21/12/2020,1/2/2021,42,c3,c3,c4,c4,c4,c4,m3,m3,m3,m3,m3,m3,3,4,I,350.0
402,32_c4_4_04/01/2021_31/01/2021,,32,Ourense,c4,4/1/2021,31/01/2021,28,23/11/2020,4/1/2021,42,c3,c3,c3,c3,c3,c3,m3,m3,m3,m4,m3,m3,3,3,S,322.0
404,33_c1_15_20/04/2020_02/08/2020,,33,Asturias,c1,20/04/2020,2/8/2020,105,9/3/2020,20/04/2020,42,c2,c2,c2,c2,c2,c2,m4,m1,m1,m1,m1,m1,2,2,S,63.0
406,33_c2_6_03/08/2020_13/09/2020,,33,Asturias,c2,3/8/2020,13/09/2020,42,22/06/2020,3/8/2020,42,c1,c1,c1,c1,c1,c1,m3,m4,m4,m4,m4,m4,1,1,S,168.0
407,33_c2_2_26/04/2021_09/05/2021,,33,Asturias,c2,26/04/2021,9/5/2021,14,15/03/2021,26/04/2021,42,c3,c3,c3,c3,c3,c3,m3,m3,m3,m3,m4,m4,3,3,S,434.0
408,33_c3_5_14/09/2020_18/10/2020,,33,Asturias,c3,14/09/2020,18/10/2020,35,3/8/2020,14/09/2020,42,c2,c2,c2,c2,c2,c2,m4,m4,m4,m4,m4,m3,2,2,S,210.0
409,33_c3_7_23/11/2020_10/01/2021,,33,Asturias,c3,23/11/2020,10/1/2021,49,12/10/2020,23/11/2020,42,c3,c4,c4,c4,c4,c4,m3,m3,m3,m3,m3,m3,4,4,S,280.0
410,33_c3_11_08/02/2021_25/04/2021,,33,Asturias,c3,8/2/2021,25/04/2021,77,28/12/2020,8/2/2021,42,c3,c3,c4,c4,c4,c4,m2,m3,m3,m3,m3,m3,3,4,I,357.0
411,33_c4_5_19/10/2020_22/11/2020,,33,Asturias,c4,19/10/2020,22/11/2020,35,7/9/2020,19/10/2020,42,c2,c3,c3,c3,c3,c3,m3,m3,m3,m3,m3,m3,3,3,S,245.0
412,33_c4_4_11/01/2021_07/02/2021,,33,Asturias,c4,11/1/2021,7/2/2021,28,30/11/2020,11/1/2021,42,c3,c3,c3,c3,c3,c3,m3,m2,m3,m3,m2,m3,3,3,S,329.0
414,34_c1_13_27/04/2020_26/07/2020,,34,Palencia,c1,27/04/2020,26/07/2020,91,16/03/2020,27/04/2020,42,c3,c3,c3,c2,c2,c2,m1,m1,m1,m1,m1,m1,3,2,D,70.0
416,34_c2_3_06/04/2020_26/04/2020,,34,Palencia,c2,6/4/2020,26/04/2020,21,24/02/2020,6/4/2020,42,c1,c2,c2,c3,c3,c3,m4,m4,m4,m1,m1,m1,2,3,I,49.0
417,34_c2_3_27/07/2020_16/08/2020,,34,Palencia,c2,27/07/2020,16/08/2020,21,15/06/2020,27/07/2020,42,c1,c1,c1,c1,c1,c1,m3,m3,m4,m3,m4,m4,1,1,S,161.0
419,34_c3_6_17/08/2020_27/09/2020,,34,Palencia,c3,17/08/2020,27/09/2020,42,6/7/2020,17/08/2020,42,c1,c1,c1,c2,c2,c2,m3,m4,m4,m4,m3,m3,1,2,I,182.0
420,34_c3_4_30/11/2020_27/12/2020,,34,Palencia,c3,30/11/2020,27/12/2020,28,19/10/2020,30/11/2020,42,c4,c4,c4,c4,c4,c4,m3,m3,m3,m3,m3,m3,4,4,S,287.0
421,34_c3_12_15/02/2021_09/05/2021,,34,Palencia,c3,15/02/2021,9/5/2021,84,4/1/2021,15/02/2021,42,c4,c4,c4,c4,c4,c4,m2,m2,m2,m2,m2,m3,4,4,S,364.0
422,34_c4_9_28/09/2020_29/11/2020,,34,Palencia,c4,28/09/2020,29/11/2020,63,17/08/2020,28/09/2020,42,c3,c3,c3,c3,c3,c3,m3,m3,m3,m3,m4,m3,3,3,S,224.0
423,34_c4_7_28/12/2020_14/02/2021,,34,Palencia,c4,28/12/2020,14/02/2021,49,16/11/2020,28/12/2020,42,c4,c4,c3,c3,c3,c3,m3,m3,m3,m2,m3,m3,4,3,D,315.0
433,36_c1_18_13/04/2020_16/08/2020,,36,Pontevedra,c1,13/04/2020,16/08/2020,126,2/3/2020,13/04/2020,42,c1,c2,c3,c3,c2,c2,m4,m4,m1,m1,m1,m1,2,3,I,56.0
435,36_c2_2_30/03/2020_12/04/2020,,36,Pontevedra,c2,30/03/2020,12/4/2020,14,17/02/2020,30/03/2020,42,c1,c1,c1,c2,c3,c3,m4,m4,m4,m4,m1,m1,1,2,I,42.0
436,36_c2_3_17/08/2020_06/09/2020,,36,Pontevedra,c2,17/08/2020,6/9/2020,21,6/7/2020,17/08/2020,42,c1,c1,c1,c1,c1,c1,m4,m4,m4,m4,m4,m4,1,1,S,182.0
437,36_c2_2_21/09/2020_04/10/2020,,36,Pontevedra,c2,21/09/2020,4/10/2020,14,10/8/2020,21/09/2020,42,c1,c2,c2,c2,c3,c3,m4,m4,m4,m4,m4,m4,2,2,S,217.0
438,36_c2_5_01/03/2021_04/04/2021,,36,Pontevedra,c2,1/3/2021,4/4/2021,35,18/01/2021,1/3/2021,42,c4,c4,c4,c3,c3,c3,m3,m3,m3,m3,m2,m3,4,3,D,378.0
440,36_c3_2_07/09/2020_20/09/2020,,36,Pontevedra,c3,7/9/2020,20/09/2020,14,27/07/2020,7/9/2020,42,c1,c1,c1,c2,c2,c2,m4,m4,m4,m4,m4,m4,1,2,I,203.0
441,36_c3_14_05/10/2020_10/01/2021,,36,Pontevedra,c3,5/10/2020,10/1/2021,98,24/08/2020,5/10/2020,42,c2,c2,c3,c3,c2,c2,m4,m4,m4,m4,m4,m3,2,3,I,231.0
442,36_c3_3_08/02/2021_28/02/2021,,36,Pontevedra,c3,8/2/2021,28/02/2021,21,28/12/2020,8/2/2021,42,c3,c3,c4,c4,c4,c4,m2,m3,m3,m3,m3,m3,3,4,I,357.0
443,36_c3_5_05/04/2021_09/05/2021,,36,Pontevedra,c3,5/4/2021,9/5/2021,35,22/02/2021,5/4/2021,42,c3,c2,c2,c2,c2,c2,m3,m3,m3,m3,m3,m2,2,2,S,413.0
444,36_c4_4_11/01/2021_07/02/2021,,36,Pontevedra,c4,11/1/2021,7/2/2021,28,30/11/2020,11/1/2021,42,c3,c3,c3,c3,c3,c3,m3,m3,m3,m3,m2,m3,3,3,S,329.0
446,37_c1_13_04/05/2020_02/08/2020,,37,Salamanca,c1,4/5/2020,2/8/2020,91,23/03/2020,4/5/2020,42,c4,c3,c3,c3,c2,c2,m1,m1,m1,m1,m1,m1,3,3,S,77.0
447,37_c2_2_20/04/2020_03/05/2020,,37,Salamanca,c2,20/04/2020,3/5/2020,14,9/3/2020,20/04/2020,42,c3,c4,c4,c3,c3,c3,m4,m1,m1,m1,m1,m1,4,3,D,63.0
448,37_c2_1_03/08/2020..09/08/2020,,37,Salamanca,c2,3/8/2020,9/8/2020,7,22/06/2020,3/8/2020,42,c1,c1,c1,c1,c1,c1,m3,m3,m3,m3,m3,m3,1,1,S,168.0
449,37_c2_4_01/03/2021_28/03/2021,,37,Salamanca,c2,1/3/2021,28/03/2021,28,18/01/2021,1/3/2021,42,c4,c4,c4,c3,c3,c3,m2,m2,m2,m2,m2,m3,4,3,D,378.0
450,37_c2_1_03/05/2021..09/05/2021,,37,Salamanca,c2,3/5/2021,9/5/2021,7,22/03/2021,3/5/2021,42,c2,c3,c3,c3,c3,c3,m3,m2,m3,m3,m3,m3,3,3,S,441.0
452,37_c3_3_30/03/2020_19/04/2020,,37,Salamanca,c3,30/03/2020,19/04/2020,21,17/02/2020,30/03/2020,42,c1,c1,c1,c3,c4,c4,m4,m4,m4,m4,m1,m1,1,3,I,42.0
453,37_c3_5_10/08/2020_13/09/2020,,37,Salamanca,c3,10/8/2020,13/09/2020,35,29/06/2020,10/8/2020,42,c1,c1,c1,c1,c1,c2,m3,m3,m3,m3,m3,m3,1,1,S,175.0
454,37_c3_7_16/11/2020_03/01/2021,,37,Salamanca,c3,16/11/2020,3/1/2021,49,5/10/2020,16/11/2020,42,c4,c4,c4,c4,c4,c4,m3,m3,m3,m3,m3,m3,4,4,S,273.0
455,37_c3_3_08/02/2021_28/02/2021,,37,Salamanca,c3,8/2/2021,28/02/2021,21,28/12/2020,8/2/2021,42,c3,c4,c4,c4,c4,c4,m2,m2,m2,m2,m2,m2,4,4,S,357.0
456,37_c3_5_29/03/2021_02/05/2021,,37,Salamanca,c3,29/03/2021,2/5/2021,35,15/02/2021,29/03/2021,42,c3,c3,c2,c2,c2,c2,m2,m3,m3,m3,m3,m3,3,2,D,406.0
458,37_c4_9_14/09/2020_15/11/2020,,37,Salamanca,c4,14/09/2020,15/11/2020,63,3/8/2020,14/09/2020,42,c2,c3,c3,c3,c3,c3,m3,m3,m2,m2,m3,m3,3,3,S,210.0
459,37_c4_5_04/01/2021_07/02/2021,,37,Salamanca,c4,4/1/2021,7/2/2021,35,23/11/2020,4/1/2021,42,c3,c3,c3,c3,c3,c3,m3,m3,m2,m3,m2,m2,3,3,S,322.0
469,39_c1_14_27/04/2020_02/08/2020,,39,Cantabria,c1,27/04/2020,2/8/2020,98,16/03/2020,27/04/2020,42,c3,c3,c2,c2,c2,c2,m1,m1,m1,m1,m1,m1,3,2,D,70.0
470,39_c2_4_30/03/2020_26/04/2020,,39,Cantabria,c2,30/03/2020,26/04/2020,28,17/02/2020,30/03/2020,42,c1,c1,c1,c1,c3,c3,m4,m4,m4,m4,m1,m1,1,1,S,42.0
471,39_c2_1_03/08/2020..09/08/2020,,39,Cantabria,c2,3/8/2020,9/8/2020,7,22/06/2020,3/8/2020,42,c1,c1,c1,c1,c1,c1,m4,m4,m4,m4,m4,m4,1,1,S,168.0
472,39_c2_2_01/03/2021_14/03/2021,,39,Cantabria,c2,1/3/2021,14/03/2021,14,18/01/2021,1/3/2021,42,c4,c3,c3,c3,c3,c3,m3,m3,m3,m3,m3,m3,3,3,S,378.0
474,39_c3_10_10/08/2020_18/10/2020,,39,Cantabria,c3,10/8/2020,18/10/2020,70,29/06/2020,10/8/2020,42,c1,c1,c1,c1,c1,c2,m4,m4,m4,m4,m4,m4,1,1,S,175.0
475,39_c3_8_16/11/2020_10/01/2021,,39,Cantabria,c3,16/11/2020,10/1/2021,56,5/10/2020,16/11/2020,42,c3,c3,c4,c4,c4,c4,m4,m3,m4,m4,m3,m3,3,4,I,273.0
476,39_c3_5_25/01/2021_28/02/2021,,39,Cantabria,c3,25/01/2021,28/02/2021,35,14/12/2020,25/01/2021,42,c3,c3,c3,c3,c4,c4,m3,m3,m2,m2,m3,m3,3,3,S,343.0
477,39_c3_8_15/03/2021_09/05/2021,,39,Cantabria,c3,15/03/2021,9/5/2021,56,1/2/2021,15/03/2021,42,c3,c3,c3,c3,c2,c2,m3,m3,m3,m3,m3,m3,3,3,S,392.0
478,39_c4_4_19/10/2020_15/11/2020,,39,Cantabria,c4,19/10/2020,15/11/2020,28,7/9/2020,19/10/2020,42,c3,c3,c3,c3,c3,c3,m4,m4,m4,m4,m4,m3,3,3,S,245.0
479,39_c4_2_11/01/2021_24/01/2021,,39,Cantabria,c4,11/1/2021,24/01/2021,14,30/11/2020,11/1/2021,42,c3,c3,c3,c3,c3,c3,m3,m2,m3,m3,m2,m2,3,3,S,329.0
481,40_c1_8_27/04/2020_21/06/2020,,40,Segovia,c1,27/04/2020,21/06/2020,56,16/03/2020,27/04/2020,42,c4,c4,c4,c3,c3,c2,m1,m1,m1,m1,m1,m1,4,3,D,70.0
482,40_c1_3_06/07/2020_26/07/2020,,40,Segovia,c1,6/7/2020,26/07/2020,21,25/05/2020,6/7/2020,42,c1,c1,c1,c1,c2,c2,m3,m3,m3,m3,m4,m3,1,1,S,140.0
484,40_c2_1_20/04/2020..26/04/2020,,40,Segovia,c2,20/04/2020,26/04/2020,7,9/3/2020,20/04/2020,42,c4,c4,c4,c4,c3,c3,m4,m1,m1,m1,m1,m1,4,4,S,63.0
485,40_c2_2_22/06/2020_05/07/2020,,40,Segovia,c2,22/06/2020,5/7/2020,14,11/5/2020,22/06/2020,42,c1,c1,c1,c1,c1,c1,m2,m2,m3,m3,m3,m3,1,1,S,126.0
486,40_c2_2_27/07/2020_09/08/2020,,40,Segovia,c2,27/07/2020,9/8/2020,14,15/06/2020,27/07/2020,42,c1,c2,c2,c1,c1,c1,m3,m4,m3,m3,m3,m3,2,1,D,161.0
487,40_c3_2_06/04/2020_19/04/2020,,40,Segovia,c3,6/4/2020,19/04/2020,14,24/02/2020,6/4/2020,42,c1,c2,c4,c4,c4,c4,m4,m4,m4,m1,m1,m1,2,4,I,49.0
488,40_c3_8_10/08/2020_04/10/2020,,40,Segovia,c3,10/8/2020,4/10/2020,56,29/06/2020,10/8/2020,42,c2,c1,c1,c1,c2,c2,m3,m3,m3,m3,m3,m3,1,1,S,175.0
489,40_c3_6_16/11/2020_27/12/2020,,40,Segovia,c3,16/11/2020,27/12/2020,42,5/10/2020,16/11/2020,42,c4,c4,c4,c4,c4,c4,m2,m2,m2,m2,m2,m2,4,4,S,273.0
490,40_c3_12_15/02/2021_09/05/2021,,40,Segovia,c3,15/02/2021,9/5/2021,84,4/1/2021,15/02/2021,42,c4,c4,c4,c4,c4,c4,m1,m1,m1,m1,m1,m1,4,4,S,364.0
492,40_c4_6_05/10/2020_15/11/2020,,40,Segovia,c4,5/10/2020,15/11/2020,42,24/08/2020,5/10/2020,42,c3,c3,c3,c3,c3,c3,m3,m3,m3,m3,m3,m2,3,3,S,231.0
493,40_c4_7_28/12/2020_14/02/2021,,40,Segovia,c4,28/12/2020,14/02/2021,49,16/11/2020,28/12/2020,42,c3,c3,c3,c3,c3,c3,m2,m2,m2,m1,m1,m1,3,3,S,315.0
495,41_c1_17_06/04/2020_02/08/2020,,41,Sevilla,c1,6/4/2020,2/8/2020,119,24/02/2020,6/4/2020,42,c1,c1,c2,c2,c2,c2,m4,m4,m4,m1,m1,m1,1,2,I,49.0
497,41_c2_3_03/08/2020_23/08/2020,,41,Sevilla,c2,3/8/2020,23/08/2020,21,22/06/2020,3/8/2020,42,c1,c1,c1,c1,c1,c1,m3,m3,m3,m2,m2,m2,1,1,S,168.0
498,41_c3_6_24/08/2020_04/10/2020,,41,Sevilla,c3,24/08/2020,4/10/2020,42,13/07/2020,24/08/2020,42,c1,c1,c1,c2,c2,c2,m2,m2,m2,m2,m2,m2,1,2,I,189.0
499,41_c3_6_23/11/2020_03/01/2021,,41,Sevilla,c3,23/11/2020,3/1/2021,42,12/10/2020,23/11/2020,42,c4,c4,c4,c4,c4,c4,m3,m3,m3,m3,m3,m3,4,4,S,280.0
500,41_c3_13_08/02/2021_09/05/2021,,41,Sevilla,c3,8/2/2021,9/5/2021,91,28/12/2020,8/2/2021,42,c3,c4,c4,c4,c4,c4,m2,m2,m3,m3,m3,m3,4,4,S,357.0
501,41_c4_7_05/10/2020_22/11/2020,,41,Sevilla,c4,5/10/2020,22/11/2020,49,24/08/2020,5/10/2020,42,c3,c3,c3,c3,c3,c3,m2,m3,m3,m3,m3,m3,3,3,S,231.0
502,41_c4_5_04/01/2021_07/02/2021,,41,Sevilla,c4,4/1/2021,7/2/2021,35,23/11/2020,4/1/2021,42,c3,c3,c3,c3,c3,c3,m3,m3,m2,m3,m3,m2,3,3,S,322.0
504,42_c1_2_04/05/2020_17/05/2020,,42,Soria,c1,4/5/2020,17/05/2020,14,23/03/2020,4/5/2020,42,c4,c4,c3,c3,c2,c2,m1,m1,m1,m1,m1,m1,4,3,D,77.0
505,42_c1_4_15/06/2020_12/07/2020,,42,Soria,c1,15/06/2020,12/7/2020,28,4/5/2020,15/06/2020,42,c1,c1,c2,c2,c2,c2,m1,m1,m2,m3,m3,m3,1,2,I,119.0
507,42_c2_2_20/04/2020_03/05/2020,,42,Soria,c2,20/04/2020,3/5/2020,14,9/3/2020,20/04/2020,42,c3,c4,c4,c4,c3,c3,m4,m1,m1,m1,m1,m1,4,4,S,63.0
508,42_c2_4_18/05/2020_14/06/2020,,42,Soria,c2,18/05/2020,14/06/2020,28,6/4/2020,18/05/2020,42,c3,c3,c2,c2,c1,c1,m1,m1,m1,m1,m1,m1,3,2,D,91.0
509,42_c2_2_13/07/2020_26/07/2020,,42,Soria,c2,13/07/2020,26/07/2020,14,1/6/2020,13/07/2020,42,c2,c2,c1,c1,c1,c1,m3,m3,m3,m3,m4,m4,2,1,D,147.0
511,42_c3_2_06/04/2020_19/04/2020,,42,Soria,c3,6/4/2020,19/04/2020,14,24/02/2020,6/4/2020,42,c1,c2,c3,c4,c4,c4,m4,m4,m4,m1,m1,m1,2,4,I,49.0
512,42_c3_11_27/07/2020_11/10/2020,,42,Soria,c3,27/07/2020,11/10/2020,77,15/06/2020,27/07/2020,42,c1,c1,c1,c1,c2,c2,m3,m3,m4,m4,m4,m4,1,1,S,161.0
513,42_c3_6_23/11/2020_03/01/2021,,42,Soria,c3,23/11/2020,3/1/2021,42,12/10/2020,23/11/2020,42,c4,c4,c4,c4,c4,c4,m4,m4,m4,m3,m4,m4,4,4,S,280.0
514,42_c3_11_22/02/2021_09/05/2021,,42,Soria,c3,22/02/2021,9/5/2021,77,11/1/2021,22/02/2021,42,c4,c4,c4,c4,c4,c4,m2,m2,m3,m3,m3,m3,4,4,S,371.0
516,42_c4_6_12/10/2020_22/11/2020,,42,Soria,c4,12/10/2020,22/11/2020,42,31/08/2020,12/10/2020,42,c3,c3,c3,c3,c3,c3,m4,m4,m4,m4,m3,m4,3,3,S,238.0
517,42_c4_7_04/01/2021_21/02/2021,,42,Soria,c4,4/1/2021,21/02/2021,49,23/11/2020,4/1/2021,42,c3,c3,c3,c3,c3,c3,m3,m4,m2,m4,m3,m2,3,3,S,322.0
519,43_c1_10_27/04/2020_05/07/2020,,43,Tarragona,c1,27/04/2020,5/7/2020,70,16/03/2020,27/04/2020,42,c3,c3,c3,c2,c2,c2,m1,m1,m1,m1,m1,m1,3,2,D,70.0
521,43_c2_3_06/04/2020_26/04/2020,,43,Tarragona,c2,6/4/2020,26/04/2020,21,24/02/2020,6/4/2020,42,c1,c1,c2,c3,c3,c3,m4,m4,m4,m1,m1,m1,1,3,I,49.0
522,43_c2_5_06/07/2020_09/08/2020,,43,Tarragona,c2,6/7/2020,9/8/2020,35,25/05/2020,6/7/2020,42,c1,c1,c1,c1,c1,c1,m3,m3,m4,m4,m4,m4,1,1,S,140.0
523,43_c2_2_01/03/2021_14/03/2021,,43,Tarragona,c2,1/3/2021,14/03/2021,14,18/01/2021,1/3/2021,42,c4,c4,c3,c3,c3,c3,m2,m2,m2,m2,m2,m2,4,3,D,378.0
525,43_c3_8_10/08/2020_04/10/2020,,43,Tarragona,c3,10/8/2020,4/10/2020,56,29/06/2020,10/8/2020,42,c1,c2,c2,c2,c2,c2,m4,m4,m4,m4,m4,m4,2,2,S,175.0
526,43_c3_6_16/11/2020_27/12/2020,,43,Tarragona,c3,16/11/2020,27/12/2020,42,5/10/2020,16/11/2020,42,c4,c4,c4,c4,c4,c4,m3,m3,m3,m2,m2,m2,4,4,S,273.0
527,43_c3_4_01/02/2021_28/02/2021,,43,Tarragona,c3,1/2/2021,28/02/2021,28,21/12/2020,1/2/2021,42,c3,c4,c4,c4,c4,c4,m2,m1,m1,m2,m2,m2,4,4,S,350.0
528,43_c3_8_15/03/2021_09/05/2021,,43,Tarragona,c3,15/03/2021,9/5/2021,56,1/2/2021,15/03/2021,42,c3,c3,c3,c3,c2,c2,m2,m2,m2,m2,m2,m2,3,3,S,392.0
529,43_c4_6_05/10/2020_15/11/2020,,43,Tarragona,c4,5/10/2020,15/11/2020,42,24/08/2020,5/10/2020,42,c3,c3,c3,c3,c3,c3,m3,m3,m3,m3,m3,m3,3,3,S,231.0
530,43_c4_5_28/12/2020_31/01/2021,,43,Tarragona,c4,28/12/2020,31/01/2021,35,16/11/2020,28/12/2020,42,c3,c3,c3,c3,c3,c3,m2,m2,m2,m2,m2,m2,3,3,S,315.0
532,44_c1_3_20/04/2020_10/05/2020,,44,Teruel,c1,20/04/2020,10/5/2020,21,9/3/2020,20/04/2020,42,c2,c3,c3,c3,c3,c2,m4,m1,m1,m1,m1,m1,3,3,S,63.0
533,44_c1_7_25/05/2020_12/07/2020,,44,Teruel,c1,25/05/2020,12/7/2020,49,13/04/2020,25/05/2020,42,c2,c1,c1,c1,c2,c2,m1,m1,m1,m2,m2,m3,1,1,S,98.0
535,44_c2_1_13/04/2020..19/04/2020,,44,Teruel,c2,13/04/2020,19/04/2020,7,2/3/2020,13/04/2020,42,c1,c2,c3,c3,c3,c3,m4,m4,m1,m1,m1,m1,2,3,I,56.0
536,44_c2_2_11/05/2020_24/05/2020,,44,Teruel,c2,11/5/2020,24/05/2020,14,30/03/2020,11/5/2020,42,c3,c3,c2,c1,c1,c1,m1,m1,m1,m1,m1,m2,3,1,D,84.0
537,44_c2_7_01/03/2021_18/04/2021,,44,Teruel,c2,1/3/2021,18/04/2021,49,18/01/2021,1/3/2021,42,c4,c4,c4,c4,c3,c3,m2,m3,m3,m3,m3,m3,4,4,S,378.0
538,44_c2_1_03/05/2021..09/05/2021,,44,Teruel,c2,3/5/2021,9/5/2021,7,22/03/2021,3/5/2021,42,c2,c2,c2,c2,c3,c3,m3,m3,m3,m4,m3,m3,2,2,S,441.0
540,44_c3_8_13/07/2020_06/09/2020,,44,Teruel,c3,13/07/2020,6/9/2020,56,1/6/2020,13/07/2020,42,c1,c1,c1,c1,c1,c1,m3,m3,m3,m4,m4,m4,1,1,S,147.0
541,44_c3_5_30/11/2020_03/01/2021,,44,Teruel,c3,30/11/2020,3/1/2021,35,19/10/2020,30/11/2020,42,c4,c4,c4,c4,c4,c4,m3,m3,m3,m3,m3,m3,4,4,S,287.0
542,44_c3_2_15/02/2021_28/02/2021,,44,Teruel,c3,15/02/2021,28/02/2021,14,4/1/2021,15/02/2021,42,c4,c4,c4,c4,c4,c4,m2,m2,m2,m3,m3,m3,4,4,S,364.0
543,44_c3_2_19/04/2021_02/05/2021,,44,Teruel,c3,19/04/2021,2/5/2021,14,8/3/2021,19/04/2021,42,c2,c2,c2,c2,c2,c2,m3,m3,m3,m3,m3,m4,2,2,S,427.0
544,44_c4_12_07/09/2020_29/11/2020,,44,Teruel,c4,7/9/2020,29/11/2020,84,27/07/2020,7/9/2020,42,c3,c3,c3,c3,c3,c3,m3,m4,m4,m4,m4,m4,3,3,S,203.0
545,44_c4_6_04/01/2021_14/02/2021,,44,Teruel,c4,4/1/2021,14/02/2021,42,23/11/2020,4/1/2021,42,c4,c3,c3,c3,c3,c3,m3,m3,m2,m3,m2,m2,3,3,S,322.0
547,45_c1_10_11/05/2020_19/07/2020,,45,Toledo,c1,11/5/2020,19/07/2020,70,30/03/2020,11/5/2020,42,c3,c3,c2,c2,c2,c2,m1,m1,m1,m1,m1,m1,3,2,D,84.0
549,45_c2_4_13/04/2020_10/05/2020,,45,Toledo,c2,13/04/2020,10/5/2020,28,2/3/2020,13/04/2020,42,c2,c3,c3,c3,c3,c3,m4,m4,m1,m1,m1,m1,3,3,S,56.0
550,45_c2_3_20/07/2020_09/08/2020,,45,Toledo,c2,20/07/2020,9/8/2020,21,8/6/2020,20/07/2020,42,c1,c1,c1,c1,c1,c1,m3,m3,m3,m3,m3,m3,1,1,S,154.0
552,45_c3_3_10/08/2020_30/08/2020,,45,Toledo,c3,10/8/2020,30/08/2020,21,29/06/2020,10/8/2020,42,c1,c1,c1,c2,c2,c2,m3,m3,m3,m3,m3,m3,1,2,I,175.0
553,45_c3_6_16/11/2020_27/12/2020,,45,Toledo,c3,16/11/2020,27/12/2020,42,5/10/2020,16/11/2020,42,c4,c4,c4,c4,c4,c4,m4,m3,m3,m3,m3,m3,4,4,S,273.0
554,45_c3_13_08/02/2021_09/05/2021,,45,Toledo,c3,8/2/2021,9/5/2021,91,28/12/2020,8/2/2021,42,c4,c4,c4,c4,c4,c4,m3,m2,m2,m2,m3,m3,4,4,S,357.0
555,45_c4_11_31/08/2020_15/11/2020,,45,Toledo,c4,31/08/2020,15/11/2020,77,20/07/2020,31/08/2020,42,c2,c2,c2,c3,c3,c3,m3,m3,m3,m3,m3,m3,2,3,I,196.0
556,45_c4_6_28/12/2020_07/02/2021,,45,Toledo,c4,28/12/2020,7/2/2021,42,16/11/2020,28/12/2020,42,c3,c3,c3,c3,c3,c3,m3,m3,m4,m3,m4,m3,3,3,S,315.0
558,46_c1_14_13/04/2020_19/07/2020,,46,Val ncia/Valencia,c1,13/04/2020,19/07/2020,98,2/3/2020,13/04/2020,42,c1,c2,c2,c2,c2,c2,m4,m4,m1,m1,m1,m1,2,2,S,56.0
560,46_c2_2_20/07/2020_02/08/2020,,46,Val ncia/Valencia,c2,20/07/2020,2/8/2020,14,8/6/2020,20/07/2020,42,c1,c1,c1,c1,c1,c1,m3,m3,m3,m3,m3,m3,1,1,S,154.0
561,46_c2_11_22/02/2021_09/05/2021,,46,Val ncia/Valencia,c2,22/02/2021,9/5/2021,77,11/1/2021,22/02/2021,42,c4,c4,c4,c4,c3,c3,m2,m2,m2,m2,m2,m2,4,4,S,371.0
562,46_c3_11_03/08/2020_18/10/2020,,46,Val ncia/Valencia,c3,3/8/2020,18/10/2020,77,22/06/2020,3/8/2020,42,c1,c1,c1,c1,c2,c2,m3,m3,m3,m3,m3,m3,1,1,S,168.0
563,46_c3_2_23/11/2020_06/12/2020,,46,Val ncia/Valencia,c3,23/11/2020,6/12/2020,14,12/10/2020,23/11/2020,42,c3,c4,c4,c4,c4,c4,m3,m3,m3,m3,m3,m3,4,4,S,280.0
564,46_c3_2_08/02/2021_21/02/2021,,46,Val ncia/Valencia,c3,8/2/2021,21/02/2021,14,28/12/2020,8/2/2021,42,c4,c4,c4,c4,c4,c4,m2,m2,m2,m2,m2,m2,4,4,S,357.0
565,46_c4_5_19/10/2020_22/11/2020,,46,Val ncia/Valencia,c4,19/10/2020,22/11/2020,35,7/9/2020,19/10/2020,42,c3,c3,c3,c3,c3,c3,m3,m3,m3,m3,m3,m3,3,3,S,245.0
566,46_c4_9_07/12/2020_07/02/2021,,46,Val ncia/Valencia,c4,7/12/2020,7/2/2021,63,26/10/2020,7/12/2020,42,c4,c4,c4,c4,c3,c3,m3,m3,m3,m3,m3,m3,4,4,S,294.0
568,47_c1_12_04/05/2020_26/07/2020,,47,Valladolid,c1,4/5/2020,26/07/2020,84,23/03/2020,4/5/2020,42,c3,c3,c3,c2,c2,c2,m1,m1,m1,m1,m1,m1,3,2,D,77.0
570,47_c2_3_13/04/2020_03/05/2020,,47,Valladolid,c2,13/04/2020,3/5/2020,21,2/3/2020,13/04/2020,42,c1,c2,c3,c3,c3,c3,m4,m4,m1,m1,m1,m1,2,3,I,56.0
571,47_c2_2_27/07/2020_09/08/2020,,47,Valladolid,c2,27/07/2020,9/8/2020,14,15/06/2020,27/07/2020,42,c1,c1,c1,c1,c1,c1,m3,m3,m3,m3,m3,m3,1,1,S,161.0
572,47_c2_3_01/03/2021_21/03/2021,,47,Valladolid,c2,1/3/2021,21/03/2021,21,18/01/2021,1/3/2021,42,c4,c4,c4,c3,c3,c3,m2,m2,m2,m2,m2,m3,4,3,D,378.0
574,47_c3_4_10/08/2020_06/09/2020,,47,Valladolid,c3,10/8/2020,6/9/2020,28,29/06/2020,10/8/2020,42,c1,c1,c1,c1,c2,c2,m3,m3,m3,m3,m3,m2,1,1,S,175.0
575,47_c3_6_23/11/2020_03/01/2021,,47,Valladolid,c3,23/11/2020,3/1/2021,42,12/10/2020,23/11/2020,42,c4,c4,c4,c4,c4,c4,m3,m3,m3,m2,m2,m3,4,4,S,280.0
576,47_c3_3_08/02/2021_28/02/2021,,47,Valladolid,c3,8/2/2021,28/02/2021,21,28/12/2020,8/2/2021,42,c3,c4,c4,c4,c4,c4,m2,m2,m2,m2,m2,m2,4,4,S,357.0
577,47_c3_7_22/03/2021_09/05/2021,,47,Valladolid,c3,22/03/2021,9/5/2021,49,8/2/2021,22/03/2021,42,c3,c3,c3,c2,c2,c2,m2,m2,m3,m2,m3,m3,3,2,D,399.0
578,47_c4_11_07/09/2020_22/11/2020,,47,Valladolid,c4,7/9/2020,22/11/2020,77,27/07/2020,7/9/2020,42,c2,c2,c3,c3,c3,c3,m3,m2,m2,m2,m2,m3,2,3,I,203.0
579,47_c4_5_04/01/2021_07/02/2021,,47,Valladolid,c4,4/1/2021,7/2/2021,35,23/11/2020,4/1/2021,42,c3,c3,c3,c3,c3,c3,m3,m3,m2,m3,m2,m2,3,3,S,322.0
581,48_c1_10_04/05/2020_12/07/2020,,48,Bizkaia,c1,4/5/2020,12/7/2020,70,23/03/2020,4/5/2020,42,c3,c3,c3,c3,c2,c2,m1,m1,m1,m1,m1,m1,3,3,S,77.0
582,48_c2_2_20/04/2020_03/05/2020,,48,Bizkaia,c2,20/04/2020,3/5/2020,14,9/3/2020,20/04/2020,42,c3,c3,c3,c3,c3,c3,m4,m1,m1,m1,m1,m1,3,3,S,63.0
583,48_c2_2_13/07/2020_26/07/2020,,48,Bizkaia,c2,13/07/2020,26/07/2020,14,1/6/2020,13/07/2020,42,c1,c1,c1,c1,c1,c1,m3,m3,m3,m3,m3,m3,1,1,S,147.0
585,48_c3_3_27/07/2020_16/08/2020,,48,Bizkaia,c3,27/07/2020,16/08/2020,21,15/06/2020,27/07/2020,42,c1,c1,c1,c1,c2,c2,m3,m3,m3,m3,m3,m2,1,1,S,161.0
586,48_c3_5_07/09/2020_11/10/2020,,48,Bizkaia,c3,7/9/2020,11/10/2020,35,27/07/2020,7/9/2020,42,c3,c3,c3,c4,c4,c4,m2,m2,m1,m1,m1,m2,3,4,I,203.0
587,48_c3_6_23/11/2020_03/01/2021,,48,Bizkaia,c3,23/11/2020,3/1/2021,42,12/10/2020,23/11/2020,42,c4,c4,c4,c4,c4,c4,m3,m3,m3,m3,m3,m3,4,4,S,280.0
588,48_c3_7_15/02/2021_04/04/2021,,48,Bizkaia,c3,15/02/2021,4/4/2021,49,4/1/2021,15/02/2021,42,c4,c4,c4,c4,c4,c4,m2,m3,m3,m3,m3,m3,4,4,S,364.0
589,48_c3_1_03/05/2021..09/05/2021,,48,Bizkaia,c3,3/5/2021,9/5/2021,7,22/03/2021,3/5/2021,42,c3,c3,c4,c4,c4,c4,m3,m2,m2,m3,m3,m3,3,4,I,441.0
590,48_c4_3_17/08/2020_06/09/2020,,48,Bizkaia,c4,17/08/2020,6/9/2020,21,6/7/2020,17/08/2020,42,c1,c2,c2,c3,c3,c3,m3,m3,m2,m2,m2,m1,2,3,I,182.0
591,48_c4_6_12/10/2020_22/11/2020,,48,Bizkaia,c4,12/10/2020,22/11/2020,42,31/08/2020,12/10/2020,42,c4,c3,c3,c3,c3,c3,m2,m3,m3,m3,m3,m3,3,3,S,238.0
592,48_c4_6_04/01/2021_14/02/2021,,48,Bizkaia,c4,4/1/2021,14/02/2021,42,23/11/2020,4/1/2021,42,c3,c3,c3,c3,c3,c3,m3,m3,m2,m3,m2,m2,3,3,S,322.0
593,48_c4_4_05/04/2021_02/05/2021,,48,Bizkaia,c4,5/4/2021,2/5/2021,28,22/02/2021,5/4/2021,42,c3,c3,c3,c3,c3,c3,m3,m3,m3,m3,m3,m2,3,3,S,413.0
595,49_c1_14_20/04/2020_26/07/2020,,49,Zamora,c1,20/04/2020,26/07/2020,98,9/3/2020,20/04/2020,42,c2,c3,c3,c2,c2,c2,m4,m1,m1,m1,m1,m1,3,2,D,63.0
596,49_c1_2_01/03/2021_14/03/2021,,49,Zamora,c1,1/3/2021,14/03/2021,14,18/01/2021,1/3/2021,42,c4,c4,c3,c3,c2,c2,m3,m3,m3,m3,m3,m3,4,3,D,378.0
598,49_c2_3_30/03/2020_19/04/2020,,49,Zamora,c2,30/03/2020,19/04/2020,21,17/02/2020,30/03/2020,42,c1,c1,c1,c2,c3,c3,m4,m4,m4,m4,m1,m1,1,2,I,42.0
599,49_c2_4_27/07/2020_23/08/2020,,49,Zamora,c2,27/07/2020,23/08/2020,28,15/06/2020,27/07/2020,42,c1,c1,c1,c1,c1,c1,m3,m4,m4,m4,m4,m4,1,1,S,161.0
600,49_c2_2_15/02/2021_28/02/2021,,49,Zamora,c2,15/02/2021,28/02/2021,14,4/1/2021,15/02/2021,42,c4,c4,c4,c4,c3,c3,m3,m3,m3,m3,m3,m3,4,4,S,364.0
601,49_c2_3_15/03/2021_04/04/2021,,49,Zamora,c2,15/03/2021,4/4/2021,21,1/2/2021,15/03/2021,42,c3,c3,c2,c2,c1,c1,m3,m3,m3,m3,m3,m4,3,2,D,392.0
603,49_c3_3_24/08/2020_13/09/2020,,49,Zamora,c3,24/08/2020,13/09/2020,21,13/07/2020,24/08/2020,42,c1,c1,c2,c2,c2,c2,m4,m4,m4,m4,m4,m4,1,2,I,189.0
604,49_c3_6_23/11/2020_03/01/2021,,49,Zamora,c3,23/11/2020,3/1/2021,42,12/10/2020,23/11/2020,42,c4,c4,c4,c4,c4,c4,m3,m4,m3,m3,m3,m3,4,4,S,280.0
605,49_c3_2_01/02/2021_14/02/2021,,49,Zamora,c3,1/2/2021,14/02/2021,14,21/12/2020,1/2/2021,42,c3,c3,c4,c4,c4,c4,m3,m3,m3,m3,m3,m3,3,4,I,350.0
606,49_c3_5_05/04/2021_09/05/2021,,49,Zamora,c3,5/4/2021,9/5/2021,35,22/02/2021,5/4/2021,42,c2,c1,c1,c2,c2,c2,m3,m3,m4,m4,m4,m3,1,2,I,413.0
607,49_c4_10_14/09/2020_22/11/2020,,49,Zamora,c4,14/09/2020,22/11/2020,70,3/8/2020,14/09/2020,42,c2,c2,c2,c3,c3,c3,m4,m4,m4,m4,m4,m4,2,3,I,210.0
608,49_c4_4_04/01/2021_31/01/2021,,49,Zamora,c4,4/1/2021,31/01/2021,28,23/11/2020,4/1/2021,42,c3,c3,c3,c3,c3,c3,m3,m3,m3,m3,m3,m3,3,3,S,322.0
610,50_c1_9_04/05/2020_05/07/2020,,50,Zaragoza,c1,4/5/2020,5/7/2020,63,23/03/2020,4/5/2020,42,c3,c3,c3,c2,c2,c2,m1,m1,m1,m1,m1,m1,3,2,D,77.0
612,50_c2_3_13/04/2020_03/05/2020,,50,Zaragoza,c2,13/04/2020,3/5/2020,21,2/3/2020,13/04/2020,42,c1,c2,c3,c3,c3,c3,m4,m4,m1,m1,m1,m1,2,3,I,56.0
613,50_c2_1_06/07/2020..12/07/2020,,50,Zaragoza,c2,6/7/2020,12/7/2020,7,25/05/2020,6/7/2020,42,c1,c1,c1,c1,c1,c1,m2,m3,m3,m3,m3,m3,1,1,S,140.0
615,50_c3_1_13/07/2020..19/07/2020,,50,Zaragoza,c3,13/07/2020,19/07/2020,7,1/6/2020,13/07/2020,42,c1,c1,c1,c1,c1,c2,m3,m3,m3,m3,m3,m3,1,1,S,147.0
616,50_c3_6_24/08/2020_04/10/2020,,50,Zaragoza,c3,24/08/2020,4/10/2020,42,13/07/2020,24/08/2020,42,c3,c4,c4,c4,c4,c4,m2,m2,m2,m2,m2,m2,4,4,S,189.0
617,50_c3_7_16/11/2020_03/01/2021,,50,Zaragoza,c3,16/11/2020,3/1/2021,49,5/10/2020,16/11/2020,42,c4,c4,c4,c4,c4,c4,m3,m3,m3,m3,m3,m3,4,4,S,273.0
618,50_c3_13_08/02/2021_09/05/2021,,50,Zaragoza,c3,8/2/2021,9/5/2021,91,28/12/2020,8/2/2021,42,c3,c4,c4,c4,c4,c4,m2,m2,m3,m3,m3,m3,4,4,S,357.0
619,50_c4_5_20/07/2020_23/08/2020,,50,Zaragoza,c4,20/07/2020,23/08/2020,35,8/6/2020,20/07/2020,42,c1,c1,c1,c1,c2,c3,m3,m3,m3,m3,m3,m2,1,1,S,154.0
620,50_c4_6_05/10/2020_15/11/2020,,50,Zaragoza,c4,5/10/2020,15/11/2020,42,24/08/2020,5/10/2020,42,c3,c3,c3,c3,c3,c3,m2,m3,m3,m3,m3,m3,3,3,S,231.0
621,50_c4_5_04/01/2021_07/02/2021,,50,Zaragoza,c4,4/1/2021,7/2/2021,35,23/11/2020,4/1/2021,42,c3,c3,c3,c3,c3,c3,m3,m3,m2,m3,m2,m2,3,3,S,322.0
